position,track name,artist,streams,region,date,spotify_id
NA,NA,NA,NA,cy,2017-01-06,NA
NA,NA,NA,NA,cy,2017-01-06,NA
NA,NA,NA,NA,cy,2017-01-06,NA
NA,NA,NA,NA,cy,2017-01-06,NA
NA,NA,NA,NA,cy,2017-01-06,NA
NA,NA,NA,NA,cy,2017-01-06,NA
NA,NA,NA,NA,cy,2017-01-06,NA
NA,NA,NA,NA,cy,2017-01-06,NA
NA,NA,NA,NA,cy,2017-01-06,NA
NA,NA,NA,NA,cy,2017-01-06,NA
NA,NA,NA,NA,cy,2017-01-06,NA
NA,NA,NA,NA,cy,2017-01-06,NA
NA,NA,NA,NA,cy,2017-01-06,NA
NA,NA,NA,NA,cy,2017-01-06,NA
NA,NA,NA,NA,cy,2017-01-06,NA
NA,NA,NA,NA,cy,2017-01-06,NA
NA,NA,NA,NA,cy,2017-01-06,NA
NA,NA,NA,NA,cy,2017-01-06,NA
NA,NA,NA,NA,cy,2017-01-06,NA
NA,NA,NA,NA,cy,2017-01-06,NA
NA,NA,NA,NA,cy,2017-01-06,NA
NA,NA,NA,NA,cy,2017-01-06,NA
NA,NA,NA,NA,cy,2017-01-06,NA
NA,NA,NA,NA,cy,2017-01-06,NA
NA,NA,NA,NA,cy,2017-01-06,NA
NA,NA,NA,NA,cy,2017-01-06,NA
NA,NA,NA,NA,cy,2017-01-06,NA
NA,NA,NA,NA,cy,2017-01-06,NA
NA,NA,NA,NA,cy,2017-01-06,NA
NA,NA,NA,NA,cy,2017-01-06,NA
NA,NA,NA,NA,cy,2017-01-06,NA
NA,NA,NA,NA,cy,2017-01-06,NA
NA,NA,NA,NA,cy,2017-01-06,NA
NA,NA,NA,NA,cy,2017-01-06,NA
NA,NA,NA,NA,cy,2017-01-06,NA
NA,NA,NA,NA,cy,2017-01-06,NA
NA,NA,NA,NA,cy,2017-01-06,NA
NA,NA,NA,NA,cy,2017-01-06,NA
NA,NA,NA,NA,cy,2017-01-06,NA
NA,NA,NA,NA,cy,2017-01-06,NA
NA,NA,NA,NA,cy,2017-01-06,NA
NA,NA,NA,NA,cy,2017-01-06,NA
NA,NA,NA,NA,cy,2017-01-06,NA
NA,NA,NA,NA,cy,2017-01-06,NA
NA,NA,NA,NA,cy,2017-01-06,NA
NA,NA,NA,NA,cy,2017-01-06,NA
NA,NA,NA,NA,cy,2017-01-06,NA
NA,NA,NA,NA,cy,2017-01-06,NA
NA,NA,NA,NA,cy,2017-01-06,NA
NA,NA,NA,NA,cy,2017-01-06,NA
NA,NA,NA,NA,cy,2017-01-06,NA
NA,NA,NA,NA,cy,2017-01-06,NA
NA,NA,NA,NA,cy,2017-01-06,NA
NA,NA,NA,NA,cy,2017-01-06,NA
NA,NA,NA,NA,cy,2017-01-06,NA
NA,NA,NA,NA,cy,2017-01-06,NA
NA,NA,NA,NA,cy,2017-01-06,NA
NA,NA,NA,NA,cy,2017-01-06,NA
NA,NA,NA,NA,cy,2017-01-06,NA
NA,NA,NA,NA,cy,2017-01-06,NA
NA,NA,NA,NA,cy,2017-01-06,NA
NA,NA,NA,NA,cy,2017-01-06,NA
NA,NA,NA,NA,cy,2017-01-06,NA
NA,NA,NA,NA,cy,2017-01-06,NA
NA,NA,NA,NA,cy,2017-01-06,NA
NA,NA,NA,NA,cy,2017-01-06,NA
NA,NA,NA,NA,cy,2017-01-06,NA
NA,NA,NA,NA,cy,2017-01-06,NA
NA,NA,NA,NA,cy,2017-01-06,NA
NA,NA,NA,NA,cy,2017-01-06,NA
NA,NA,NA,NA,cy,2017-01-06,NA
NA,NA,NA,NA,cy,2017-01-06,NA
NA,NA,NA,NA,cy,2017-01-06,NA
NA,NA,NA,NA,cy,2017-01-06,NA
NA,NA,NA,NA,cy,2017-01-06,NA
NA,NA,NA,NA,cy,2017-01-06,NA
NA,NA,NA,NA,cy,2017-01-06,NA
NA,NA,NA,NA,cy,2017-01-06,NA
NA,NA,NA,NA,cy,2017-01-06,NA
NA,NA,NA,NA,cy,2017-01-06,NA
NA,NA,NA,NA,cy,2017-01-06,NA
NA,NA,NA,NA,cy,2017-01-06,NA
NA,NA,NA,NA,cy,2017-01-06,NA
NA,NA,NA,NA,cy,2017-01-06,NA
NA,NA,NA,NA,cy,2017-01-06,NA
NA,NA,NA,NA,cy,2017-01-06,NA
NA,NA,NA,NA,cy,2017-01-06,NA
NA,NA,NA,NA,cy,2017-01-06,NA
NA,NA,NA,NA,cy,2017-01-06,NA
NA,NA,NA,NA,cy,2017-01-06,NA
NA,NA,NA,NA,cy,2017-01-06,NA
NA,NA,NA,NA,cy,2017-01-06,NA
NA,NA,NA,NA,cy,2017-01-06,NA
NA,NA,NA,NA,cy,2017-01-06,NA
NA,NA,NA,NA,cy,2017-01-06,NA
NA,NA,NA,NA,cy,2017-01-06,NA
NA,NA,NA,NA,cy,2017-01-06,NA
NA,NA,NA,NA,cy,2017-01-06,NA
NA,NA,NA,NA,cy,2017-01-06,NA
NA,NA,NA,NA,cy,2017-01-06,NA
NA,NA,NA,NA,cy,2017-01-06,NA
NA,NA,NA,NA,cy,2017-01-06,NA
NA,NA,NA,NA,cy,2017-01-06,NA
NA,NA,NA,NA,cy,2017-01-06,NA
NA,NA,NA,NA,cy,2017-01-06,NA
NA,NA,NA,NA,cy,2017-01-06,NA
NA,NA,NA,NA,cy,2017-01-06,NA
NA,NA,NA,NA,cy,2017-01-06,NA
NA,NA,NA,NA,cy,2017-01-06,NA
NA,NA,NA,NA,cy,2017-01-06,NA
NA,NA,NA,NA,cy,2017-01-06,NA
NA,NA,NA,NA,cy,2017-01-06,NA
NA,NA,NA,NA,cy,2017-01-06,NA
NA,NA,NA,NA,cy,2017-01-06,NA
NA,NA,NA,NA,cy,2017-01-06,NA
NA,NA,NA,NA,cy,2017-01-06,NA
NA,NA,NA,NA,cy,2017-01-06,NA
NA,NA,NA,NA,cy,2017-01-06,NA
NA,NA,NA,NA,cy,2017-01-06,NA
NA,NA,NA,NA,cy,2017-01-06,NA
NA,NA,NA,NA,cy,2017-01-06,NA
NA,NA,NA,NA,cy,2017-01-06,NA
NA,NA,NA,NA,cy,2017-01-06,NA
NA,NA,NA,NA,cy,2017-01-06,NA
NA,NA,NA,NA,cy,2017-01-06,NA
NA,NA,NA,NA,cy,2017-01-06,NA
NA,NA,NA,NA,cy,2017-01-06,NA
NA,NA,NA,NA,cy,2017-01-06,NA
NA,NA,NA,NA,cy,2017-01-06,NA
NA,NA,NA,NA,cy,2017-01-06,NA
NA,NA,NA,NA,cy,2017-01-06,NA
NA,NA,NA,NA,cy,2017-01-06,NA
NA,NA,NA,NA,cy,2017-01-06,NA
NA,NA,NA,NA,cy,2017-01-06,NA
NA,NA,NA,NA,cy,2017-01-06,NA
NA,NA,NA,NA,cy,2017-01-06,NA
NA,NA,NA,NA,cy,2017-01-06,NA
NA,NA,NA,NA,cy,2017-01-06,NA
NA,NA,NA,NA,cy,2017-01-06,NA
NA,NA,NA,NA,cy,2017-01-06,NA
NA,NA,NA,NA,cy,2017-01-06,NA
NA,NA,NA,NA,cy,2017-01-06,NA
NA,NA,NA,NA,cy,2017-01-06,NA
NA,NA,NA,NA,cy,2017-01-06,NA
NA,NA,NA,NA,cy,2017-01-06,NA
NA,NA,NA,NA,cy,2017-01-06,NA
NA,NA,NA,NA,cy,2017-01-06,NA
NA,NA,NA,NA,cy,2017-01-06,NA
NA,NA,NA,NA,cy,2017-01-06,NA
NA,NA,NA,NA,cy,2017-01-06,NA
NA,NA,NA,NA,cy,2017-01-06,NA
NA,NA,NA,NA,cy,2017-01-06,NA
NA,NA,NA,NA,cy,2017-01-06,NA
NA,NA,NA,NA,cy,2017-01-06,NA
NA,NA,NA,NA,cy,2017-01-06,NA
NA,NA,NA,NA,cy,2017-01-06,NA
NA,NA,NA,NA,cy,2017-01-06,NA
NA,NA,NA,NA,cy,2017-01-06,NA
NA,NA,NA,NA,cy,2017-01-06,NA
NA,NA,NA,NA,cy,2017-01-06,NA
NA,NA,NA,NA,cy,2017-01-06,NA
NA,NA,NA,NA,cy,2017-01-06,NA
NA,NA,NA,NA,cy,2017-01-06,NA
NA,NA,NA,NA,cy,2017-01-06,NA
NA,NA,NA,NA,cy,2017-01-06,NA
NA,NA,NA,NA,cy,2017-01-06,NA
NA,NA,NA,NA,cy,2017-01-06,NA
NA,NA,NA,NA,cy,2017-01-06,NA
NA,NA,NA,NA,cy,2017-01-06,NA
NA,NA,NA,NA,cy,2017-01-06,NA
NA,NA,NA,NA,cy,2017-01-06,NA
NA,NA,NA,NA,cy,2017-01-06,NA
NA,NA,NA,NA,cy,2017-01-06,NA
NA,NA,NA,NA,cy,2017-01-06,NA
NA,NA,NA,NA,cy,2017-01-06,NA
NA,NA,NA,NA,cy,2017-01-06,NA
NA,NA,NA,NA,cy,2017-01-06,NA
NA,NA,NA,NA,cy,2017-01-06,NA
NA,NA,NA,NA,cy,2017-01-06,NA
NA,NA,NA,NA,cy,2017-01-06,NA
NA,NA,NA,NA,cy,2017-01-06,NA
NA,NA,NA,NA,cy,2017-01-06,NA
NA,NA,NA,NA,cy,2017-01-06,NA
NA,NA,NA,NA,cy,2017-01-06,NA
NA,NA,NA,NA,cy,2017-01-06,NA
NA,NA,NA,NA,cy,2017-01-06,NA
NA,NA,NA,NA,cy,2017-01-06,NA
NA,NA,NA,NA,cy,2017-01-06,NA
NA,NA,NA,NA,cy,2017-01-06,NA
NA,NA,NA,NA,cy,2017-01-06,NA
NA,NA,NA,NA,cy,2017-01-06,NA
NA,NA,NA,NA,cy,2017-01-06,NA
NA,NA,NA,NA,cy,2017-01-06,NA
NA,NA,NA,NA,cy,2017-01-06,NA
NA,NA,NA,NA,cy,2017-01-06,NA
NA,NA,NA,NA,cy,2017-01-06,NA
NA,NA,NA,NA,cy,2017-01-06,NA
NA,NA,NA,NA,cy,2017-01-06,NA
NA,NA,NA,NA,cy,2017-01-06,NA
NA,NA,NA,NA,cy,2017-01-06,NA
position,track name,artist,streams,region,date,spotify_id
NA,NA,NA,NA,cy,2017-01-13,NA
NA,NA,NA,NA,cy,2017-01-13,NA
NA,NA,NA,NA,cy,2017-01-13,NA
NA,NA,NA,NA,cy,2017-01-13,NA
NA,NA,NA,NA,cy,2017-01-13,NA
NA,NA,NA,NA,cy,2017-01-13,NA
NA,NA,NA,NA,cy,2017-01-13,NA
NA,NA,NA,NA,cy,2017-01-13,NA
NA,NA,NA,NA,cy,2017-01-13,NA
NA,NA,NA,NA,cy,2017-01-13,NA
NA,NA,NA,NA,cy,2017-01-13,NA
NA,NA,NA,NA,cy,2017-01-13,NA
NA,NA,NA,NA,cy,2017-01-13,NA
NA,NA,NA,NA,cy,2017-01-13,NA
NA,NA,NA,NA,cy,2017-01-13,NA
NA,NA,NA,NA,cy,2017-01-13,NA
NA,NA,NA,NA,cy,2017-01-13,NA
NA,NA,NA,NA,cy,2017-01-13,NA
NA,NA,NA,NA,cy,2017-01-13,NA
NA,NA,NA,NA,cy,2017-01-13,NA
NA,NA,NA,NA,cy,2017-01-13,NA
NA,NA,NA,NA,cy,2017-01-13,NA
NA,NA,NA,NA,cy,2017-01-13,NA
NA,NA,NA,NA,cy,2017-01-13,NA
NA,NA,NA,NA,cy,2017-01-13,NA
NA,NA,NA,NA,cy,2017-01-13,NA
NA,NA,NA,NA,cy,2017-01-13,NA
NA,NA,NA,NA,cy,2017-01-13,NA
NA,NA,NA,NA,cy,2017-01-13,NA
NA,NA,NA,NA,cy,2017-01-13,NA
NA,NA,NA,NA,cy,2017-01-13,NA
NA,NA,NA,NA,cy,2017-01-13,NA
NA,NA,NA,NA,cy,2017-01-13,NA
NA,NA,NA,NA,cy,2017-01-13,NA
NA,NA,NA,NA,cy,2017-01-13,NA
NA,NA,NA,NA,cy,2017-01-13,NA
NA,NA,NA,NA,cy,2017-01-13,NA
NA,NA,NA,NA,cy,2017-01-13,NA
NA,NA,NA,NA,cy,2017-01-13,NA
NA,NA,NA,NA,cy,2017-01-13,NA
NA,NA,NA,NA,cy,2017-01-13,NA
NA,NA,NA,NA,cy,2017-01-13,NA
NA,NA,NA,NA,cy,2017-01-13,NA
NA,NA,NA,NA,cy,2017-01-13,NA
NA,NA,NA,NA,cy,2017-01-13,NA
NA,NA,NA,NA,cy,2017-01-13,NA
NA,NA,NA,NA,cy,2017-01-13,NA
NA,NA,NA,NA,cy,2017-01-13,NA
NA,NA,NA,NA,cy,2017-01-13,NA
NA,NA,NA,NA,cy,2017-01-13,NA
NA,NA,NA,NA,cy,2017-01-13,NA
NA,NA,NA,NA,cy,2017-01-13,NA
NA,NA,NA,NA,cy,2017-01-13,NA
NA,NA,NA,NA,cy,2017-01-13,NA
NA,NA,NA,NA,cy,2017-01-13,NA
NA,NA,NA,NA,cy,2017-01-13,NA
NA,NA,NA,NA,cy,2017-01-13,NA
NA,NA,NA,NA,cy,2017-01-13,NA
NA,NA,NA,NA,cy,2017-01-13,NA
NA,NA,NA,NA,cy,2017-01-13,NA
NA,NA,NA,NA,cy,2017-01-13,NA
NA,NA,NA,NA,cy,2017-01-13,NA
NA,NA,NA,NA,cy,2017-01-13,NA
NA,NA,NA,NA,cy,2017-01-13,NA
NA,NA,NA,NA,cy,2017-01-13,NA
NA,NA,NA,NA,cy,2017-01-13,NA
NA,NA,NA,NA,cy,2017-01-13,NA
NA,NA,NA,NA,cy,2017-01-13,NA
NA,NA,NA,NA,cy,2017-01-13,NA
NA,NA,NA,NA,cy,2017-01-13,NA
NA,NA,NA,NA,cy,2017-01-13,NA
NA,NA,NA,NA,cy,2017-01-13,NA
NA,NA,NA,NA,cy,2017-01-13,NA
NA,NA,NA,NA,cy,2017-01-13,NA
NA,NA,NA,NA,cy,2017-01-13,NA
NA,NA,NA,NA,cy,2017-01-13,NA
NA,NA,NA,NA,cy,2017-01-13,NA
NA,NA,NA,NA,cy,2017-01-13,NA
NA,NA,NA,NA,cy,2017-01-13,NA
NA,NA,NA,NA,cy,2017-01-13,NA
NA,NA,NA,NA,cy,2017-01-13,NA
NA,NA,NA,NA,cy,2017-01-13,NA
NA,NA,NA,NA,cy,2017-01-13,NA
NA,NA,NA,NA,cy,2017-01-13,NA
NA,NA,NA,NA,cy,2017-01-13,NA
NA,NA,NA,NA,cy,2017-01-13,NA
NA,NA,NA,NA,cy,2017-01-13,NA
NA,NA,NA,NA,cy,2017-01-13,NA
NA,NA,NA,NA,cy,2017-01-13,NA
NA,NA,NA,NA,cy,2017-01-13,NA
NA,NA,NA,NA,cy,2017-01-13,NA
NA,NA,NA,NA,cy,2017-01-13,NA
NA,NA,NA,NA,cy,2017-01-13,NA
NA,NA,NA,NA,cy,2017-01-13,NA
NA,NA,NA,NA,cy,2017-01-13,NA
NA,NA,NA,NA,cy,2017-01-13,NA
NA,NA,NA,NA,cy,2017-01-13,NA
NA,NA,NA,NA,cy,2017-01-13,NA
NA,NA,NA,NA,cy,2017-01-13,NA
NA,NA,NA,NA,cy,2017-01-13,NA
NA,NA,NA,NA,cy,2017-01-13,NA
NA,NA,NA,NA,cy,2017-01-13,NA
NA,NA,NA,NA,cy,2017-01-13,NA
NA,NA,NA,NA,cy,2017-01-13,NA
NA,NA,NA,NA,cy,2017-01-13,NA
NA,NA,NA,NA,cy,2017-01-13,NA
NA,NA,NA,NA,cy,2017-01-13,NA
NA,NA,NA,NA,cy,2017-01-13,NA
NA,NA,NA,NA,cy,2017-01-13,NA
NA,NA,NA,NA,cy,2017-01-13,NA
NA,NA,NA,NA,cy,2017-01-13,NA
NA,NA,NA,NA,cy,2017-01-13,NA
NA,NA,NA,NA,cy,2017-01-13,NA
NA,NA,NA,NA,cy,2017-01-13,NA
NA,NA,NA,NA,cy,2017-01-13,NA
NA,NA,NA,NA,cy,2017-01-13,NA
NA,NA,NA,NA,cy,2017-01-13,NA
NA,NA,NA,NA,cy,2017-01-13,NA
NA,NA,NA,NA,cy,2017-01-13,NA
NA,NA,NA,NA,cy,2017-01-13,NA
NA,NA,NA,NA,cy,2017-01-13,NA
NA,NA,NA,NA,cy,2017-01-13,NA
NA,NA,NA,NA,cy,2017-01-13,NA
NA,NA,NA,NA,cy,2017-01-13,NA
NA,NA,NA,NA,cy,2017-01-13,NA
NA,NA,NA,NA,cy,2017-01-13,NA
NA,NA,NA,NA,cy,2017-01-13,NA
NA,NA,NA,NA,cy,2017-01-13,NA
NA,NA,NA,NA,cy,2017-01-13,NA
NA,NA,NA,NA,cy,2017-01-13,NA
NA,NA,NA,NA,cy,2017-01-13,NA
NA,NA,NA,NA,cy,2017-01-13,NA
NA,NA,NA,NA,cy,2017-01-13,NA
NA,NA,NA,NA,cy,2017-01-13,NA
NA,NA,NA,NA,cy,2017-01-13,NA
NA,NA,NA,NA,cy,2017-01-13,NA
NA,NA,NA,NA,cy,2017-01-13,NA
NA,NA,NA,NA,cy,2017-01-13,NA
NA,NA,NA,NA,cy,2017-01-13,NA
NA,NA,NA,NA,cy,2017-01-13,NA
NA,NA,NA,NA,cy,2017-01-13,NA
NA,NA,NA,NA,cy,2017-01-13,NA
NA,NA,NA,NA,cy,2017-01-13,NA
NA,NA,NA,NA,cy,2017-01-13,NA
NA,NA,NA,NA,cy,2017-01-13,NA
NA,NA,NA,NA,cy,2017-01-13,NA
NA,NA,NA,NA,cy,2017-01-13,NA
NA,NA,NA,NA,cy,2017-01-13,NA
NA,NA,NA,NA,cy,2017-01-13,NA
NA,NA,NA,NA,cy,2017-01-13,NA
NA,NA,NA,NA,cy,2017-01-13,NA
NA,NA,NA,NA,cy,2017-01-13,NA
NA,NA,NA,NA,cy,2017-01-13,NA
NA,NA,NA,NA,cy,2017-01-13,NA
NA,NA,NA,NA,cy,2017-01-13,NA
NA,NA,NA,NA,cy,2017-01-13,NA
NA,NA,NA,NA,cy,2017-01-13,NA
NA,NA,NA,NA,cy,2017-01-13,NA
NA,NA,NA,NA,cy,2017-01-13,NA
NA,NA,NA,NA,cy,2017-01-13,NA
NA,NA,NA,NA,cy,2017-01-13,NA
NA,NA,NA,NA,cy,2017-01-13,NA
NA,NA,NA,NA,cy,2017-01-13,NA
NA,NA,NA,NA,cy,2017-01-13,NA
NA,NA,NA,NA,cy,2017-01-13,NA
NA,NA,NA,NA,cy,2017-01-13,NA
NA,NA,NA,NA,cy,2017-01-13,NA
NA,NA,NA,NA,cy,2017-01-13,NA
NA,NA,NA,NA,cy,2017-01-13,NA
NA,NA,NA,NA,cy,2017-01-13,NA
NA,NA,NA,NA,cy,2017-01-13,NA
NA,NA,NA,NA,cy,2017-01-13,NA
NA,NA,NA,NA,cy,2017-01-13,NA
NA,NA,NA,NA,cy,2017-01-13,NA
NA,NA,NA,NA,cy,2017-01-13,NA
NA,NA,NA,NA,cy,2017-01-13,NA
NA,NA,NA,NA,cy,2017-01-13,NA
NA,NA,NA,NA,cy,2017-01-13,NA
NA,NA,NA,NA,cy,2017-01-13,NA
NA,NA,NA,NA,cy,2017-01-13,NA
NA,NA,NA,NA,cy,2017-01-13,NA
NA,NA,NA,NA,cy,2017-01-13,NA
NA,NA,NA,NA,cy,2017-01-13,NA
NA,NA,NA,NA,cy,2017-01-13,NA
NA,NA,NA,NA,cy,2017-01-13,NA
NA,NA,NA,NA,cy,2017-01-13,NA
NA,NA,NA,NA,cy,2017-01-13,NA
NA,NA,NA,NA,cy,2017-01-13,NA
NA,NA,NA,NA,cy,2017-01-13,NA
NA,NA,NA,NA,cy,2017-01-13,NA
NA,NA,NA,NA,cy,2017-01-13,NA
NA,NA,NA,NA,cy,2017-01-13,NA
NA,NA,NA,NA,cy,2017-01-13,NA
NA,NA,NA,NA,cy,2017-01-13,NA
NA,NA,NA,NA,cy,2017-01-13,NA
NA,NA,NA,NA,cy,2017-01-13,NA
NA,NA,NA,NA,cy,2017-01-13,NA
NA,NA,NA,NA,cy,2017-01-13,NA
NA,NA,NA,NA,cy,2017-01-13,NA
NA,NA,NA,NA,cy,2017-01-13,NA
position,track name,artist,streams,region,date,spotify_id
NA,NA,NA,NA,cy,2017-01-20,NA
NA,NA,NA,NA,cy,2017-01-20,NA
NA,NA,NA,NA,cy,2017-01-20,NA
NA,NA,NA,NA,cy,2017-01-20,NA
NA,NA,NA,NA,cy,2017-01-20,NA
NA,NA,NA,NA,cy,2017-01-20,NA
NA,NA,NA,NA,cy,2017-01-20,NA
NA,NA,NA,NA,cy,2017-01-20,NA
NA,NA,NA,NA,cy,2017-01-20,NA
NA,NA,NA,NA,cy,2017-01-20,NA
NA,NA,NA,NA,cy,2017-01-20,NA
NA,NA,NA,NA,cy,2017-01-20,NA
NA,NA,NA,NA,cy,2017-01-20,NA
NA,NA,NA,NA,cy,2017-01-20,NA
NA,NA,NA,NA,cy,2017-01-20,NA
NA,NA,NA,NA,cy,2017-01-20,NA
NA,NA,NA,NA,cy,2017-01-20,NA
NA,NA,NA,NA,cy,2017-01-20,NA
NA,NA,NA,NA,cy,2017-01-20,NA
NA,NA,NA,NA,cy,2017-01-20,NA
NA,NA,NA,NA,cy,2017-01-20,NA
NA,NA,NA,NA,cy,2017-01-20,NA
NA,NA,NA,NA,cy,2017-01-20,NA
NA,NA,NA,NA,cy,2017-01-20,NA
NA,NA,NA,NA,cy,2017-01-20,NA
NA,NA,NA,NA,cy,2017-01-20,NA
NA,NA,NA,NA,cy,2017-01-20,NA
NA,NA,NA,NA,cy,2017-01-20,NA
NA,NA,NA,NA,cy,2017-01-20,NA
NA,NA,NA,NA,cy,2017-01-20,NA
NA,NA,NA,NA,cy,2017-01-20,NA
NA,NA,NA,NA,cy,2017-01-20,NA
NA,NA,NA,NA,cy,2017-01-20,NA
NA,NA,NA,NA,cy,2017-01-20,NA
NA,NA,NA,NA,cy,2017-01-20,NA
NA,NA,NA,NA,cy,2017-01-20,NA
NA,NA,NA,NA,cy,2017-01-20,NA
NA,NA,NA,NA,cy,2017-01-20,NA
NA,NA,NA,NA,cy,2017-01-20,NA
NA,NA,NA,NA,cy,2017-01-20,NA
NA,NA,NA,NA,cy,2017-01-20,NA
NA,NA,NA,NA,cy,2017-01-20,NA
NA,NA,NA,NA,cy,2017-01-20,NA
NA,NA,NA,NA,cy,2017-01-20,NA
NA,NA,NA,NA,cy,2017-01-20,NA
NA,NA,NA,NA,cy,2017-01-20,NA
NA,NA,NA,NA,cy,2017-01-20,NA
NA,NA,NA,NA,cy,2017-01-20,NA
NA,NA,NA,NA,cy,2017-01-20,NA
NA,NA,NA,NA,cy,2017-01-20,NA
NA,NA,NA,NA,cy,2017-01-20,NA
NA,NA,NA,NA,cy,2017-01-20,NA
NA,NA,NA,NA,cy,2017-01-20,NA
NA,NA,NA,NA,cy,2017-01-20,NA
NA,NA,NA,NA,cy,2017-01-20,NA
NA,NA,NA,NA,cy,2017-01-20,NA
NA,NA,NA,NA,cy,2017-01-20,NA
NA,NA,NA,NA,cy,2017-01-20,NA
NA,NA,NA,NA,cy,2017-01-20,NA
NA,NA,NA,NA,cy,2017-01-20,NA
NA,NA,NA,NA,cy,2017-01-20,NA
NA,NA,NA,NA,cy,2017-01-20,NA
NA,NA,NA,NA,cy,2017-01-20,NA
NA,NA,NA,NA,cy,2017-01-20,NA
NA,NA,NA,NA,cy,2017-01-20,NA
NA,NA,NA,NA,cy,2017-01-20,NA
NA,NA,NA,NA,cy,2017-01-20,NA
NA,NA,NA,NA,cy,2017-01-20,NA
NA,NA,NA,NA,cy,2017-01-20,NA
NA,NA,NA,NA,cy,2017-01-20,NA
NA,NA,NA,NA,cy,2017-01-20,NA
NA,NA,NA,NA,cy,2017-01-20,NA
NA,NA,NA,NA,cy,2017-01-20,NA
NA,NA,NA,NA,cy,2017-01-20,NA
NA,NA,NA,NA,cy,2017-01-20,NA
NA,NA,NA,NA,cy,2017-01-20,NA
NA,NA,NA,NA,cy,2017-01-20,NA
NA,NA,NA,NA,cy,2017-01-20,NA
NA,NA,NA,NA,cy,2017-01-20,NA
NA,NA,NA,NA,cy,2017-01-20,NA
NA,NA,NA,NA,cy,2017-01-20,NA
NA,NA,NA,NA,cy,2017-01-20,NA
NA,NA,NA,NA,cy,2017-01-20,NA
NA,NA,NA,NA,cy,2017-01-20,NA
NA,NA,NA,NA,cy,2017-01-20,NA
NA,NA,NA,NA,cy,2017-01-20,NA
NA,NA,NA,NA,cy,2017-01-20,NA
NA,NA,NA,NA,cy,2017-01-20,NA
NA,NA,NA,NA,cy,2017-01-20,NA
NA,NA,NA,NA,cy,2017-01-20,NA
NA,NA,NA,NA,cy,2017-01-20,NA
NA,NA,NA,NA,cy,2017-01-20,NA
NA,NA,NA,NA,cy,2017-01-20,NA
NA,NA,NA,NA,cy,2017-01-20,NA
NA,NA,NA,NA,cy,2017-01-20,NA
NA,NA,NA,NA,cy,2017-01-20,NA
NA,NA,NA,NA,cy,2017-01-20,NA
NA,NA,NA,NA,cy,2017-01-20,NA
NA,NA,NA,NA,cy,2017-01-20,NA
NA,NA,NA,NA,cy,2017-01-20,NA
NA,NA,NA,NA,cy,2017-01-20,NA
NA,NA,NA,NA,cy,2017-01-20,NA
NA,NA,NA,NA,cy,2017-01-20,NA
NA,NA,NA,NA,cy,2017-01-20,NA
NA,NA,NA,NA,cy,2017-01-20,NA
NA,NA,NA,NA,cy,2017-01-20,NA
NA,NA,NA,NA,cy,2017-01-20,NA
NA,NA,NA,NA,cy,2017-01-20,NA
NA,NA,NA,NA,cy,2017-01-20,NA
NA,NA,NA,NA,cy,2017-01-20,NA
NA,NA,NA,NA,cy,2017-01-20,NA
NA,NA,NA,NA,cy,2017-01-20,NA
NA,NA,NA,NA,cy,2017-01-20,NA
NA,NA,NA,NA,cy,2017-01-20,NA
NA,NA,NA,NA,cy,2017-01-20,NA
NA,NA,NA,NA,cy,2017-01-20,NA
NA,NA,NA,NA,cy,2017-01-20,NA
NA,NA,NA,NA,cy,2017-01-20,NA
NA,NA,NA,NA,cy,2017-01-20,NA
NA,NA,NA,NA,cy,2017-01-20,NA
NA,NA,NA,NA,cy,2017-01-20,NA
NA,NA,NA,NA,cy,2017-01-20,NA
NA,NA,NA,NA,cy,2017-01-20,NA
NA,NA,NA,NA,cy,2017-01-20,NA
NA,NA,NA,NA,cy,2017-01-20,NA
NA,NA,NA,NA,cy,2017-01-20,NA
NA,NA,NA,NA,cy,2017-01-20,NA
NA,NA,NA,NA,cy,2017-01-20,NA
NA,NA,NA,NA,cy,2017-01-20,NA
NA,NA,NA,NA,cy,2017-01-20,NA
NA,NA,NA,NA,cy,2017-01-20,NA
NA,NA,NA,NA,cy,2017-01-20,NA
NA,NA,NA,NA,cy,2017-01-20,NA
NA,NA,NA,NA,cy,2017-01-20,NA
NA,NA,NA,NA,cy,2017-01-20,NA
NA,NA,NA,NA,cy,2017-01-20,NA
NA,NA,NA,NA,cy,2017-01-20,NA
NA,NA,NA,NA,cy,2017-01-20,NA
NA,NA,NA,NA,cy,2017-01-20,NA
NA,NA,NA,NA,cy,2017-01-20,NA
NA,NA,NA,NA,cy,2017-01-20,NA
NA,NA,NA,NA,cy,2017-01-20,NA
NA,NA,NA,NA,cy,2017-01-20,NA
NA,NA,NA,NA,cy,2017-01-20,NA
NA,NA,NA,NA,cy,2017-01-20,NA
NA,NA,NA,NA,cy,2017-01-20,NA
NA,NA,NA,NA,cy,2017-01-20,NA
NA,NA,NA,NA,cy,2017-01-20,NA
NA,NA,NA,NA,cy,2017-01-20,NA
NA,NA,NA,NA,cy,2017-01-20,NA
NA,NA,NA,NA,cy,2017-01-20,NA
NA,NA,NA,NA,cy,2017-01-20,NA
NA,NA,NA,NA,cy,2017-01-20,NA
NA,NA,NA,NA,cy,2017-01-20,NA
NA,NA,NA,NA,cy,2017-01-20,NA
NA,NA,NA,NA,cy,2017-01-20,NA
NA,NA,NA,NA,cy,2017-01-20,NA
NA,NA,NA,NA,cy,2017-01-20,NA
NA,NA,NA,NA,cy,2017-01-20,NA
NA,NA,NA,NA,cy,2017-01-20,NA
NA,NA,NA,NA,cy,2017-01-20,NA
NA,NA,NA,NA,cy,2017-01-20,NA
NA,NA,NA,NA,cy,2017-01-20,NA
NA,NA,NA,NA,cy,2017-01-20,NA
NA,NA,NA,NA,cy,2017-01-20,NA
NA,NA,NA,NA,cy,2017-01-20,NA
NA,NA,NA,NA,cy,2017-01-20,NA
NA,NA,NA,NA,cy,2017-01-20,NA
NA,NA,NA,NA,cy,2017-01-20,NA
NA,NA,NA,NA,cy,2017-01-20,NA
NA,NA,NA,NA,cy,2017-01-20,NA
NA,NA,NA,NA,cy,2017-01-20,NA
NA,NA,NA,NA,cy,2017-01-20,NA
NA,NA,NA,NA,cy,2017-01-20,NA
NA,NA,NA,NA,cy,2017-01-20,NA
NA,NA,NA,NA,cy,2017-01-20,NA
NA,NA,NA,NA,cy,2017-01-20,NA
NA,NA,NA,NA,cy,2017-01-20,NA
NA,NA,NA,NA,cy,2017-01-20,NA
NA,NA,NA,NA,cy,2017-01-20,NA
NA,NA,NA,NA,cy,2017-01-20,NA
NA,NA,NA,NA,cy,2017-01-20,NA
NA,NA,NA,NA,cy,2017-01-20,NA
NA,NA,NA,NA,cy,2017-01-20,NA
NA,NA,NA,NA,cy,2017-01-20,NA
NA,NA,NA,NA,cy,2017-01-20,NA
NA,NA,NA,NA,cy,2017-01-20,NA
NA,NA,NA,NA,cy,2017-01-20,NA
NA,NA,NA,NA,cy,2017-01-20,NA
NA,NA,NA,NA,cy,2017-01-20,NA
NA,NA,NA,NA,cy,2017-01-20,NA
NA,NA,NA,NA,cy,2017-01-20,NA
NA,NA,NA,NA,cy,2017-01-20,NA
NA,NA,NA,NA,cy,2017-01-20,NA
NA,NA,NA,NA,cy,2017-01-20,NA
NA,NA,NA,NA,cy,2017-01-20,NA
NA,NA,NA,NA,cy,2017-01-20,NA
NA,NA,NA,NA,cy,2017-01-20,NA
NA,NA,NA,NA,cy,2017-01-20,NA
NA,NA,NA,NA,cy,2017-01-20,NA
position,track name,artist,streams,region,date,spotify_id
NA,NA,NA,NA,cy,2017-01-27,NA
NA,NA,NA,NA,cy,2017-01-27,NA
NA,NA,NA,NA,cy,2017-01-27,NA
NA,NA,NA,NA,cy,2017-01-27,NA
NA,NA,NA,NA,cy,2017-01-27,NA
NA,NA,NA,NA,cy,2017-01-27,NA
NA,NA,NA,NA,cy,2017-01-27,NA
NA,NA,NA,NA,cy,2017-01-27,NA
NA,NA,NA,NA,cy,2017-01-27,NA
NA,NA,NA,NA,cy,2017-01-27,NA
NA,NA,NA,NA,cy,2017-01-27,NA
NA,NA,NA,NA,cy,2017-01-27,NA
NA,NA,NA,NA,cy,2017-01-27,NA
NA,NA,NA,NA,cy,2017-01-27,NA
NA,NA,NA,NA,cy,2017-01-27,NA
NA,NA,NA,NA,cy,2017-01-27,NA
NA,NA,NA,NA,cy,2017-01-27,NA
NA,NA,NA,NA,cy,2017-01-27,NA
NA,NA,NA,NA,cy,2017-01-27,NA
NA,NA,NA,NA,cy,2017-01-27,NA
NA,NA,NA,NA,cy,2017-01-27,NA
NA,NA,NA,NA,cy,2017-01-27,NA
NA,NA,NA,NA,cy,2017-01-27,NA
NA,NA,NA,NA,cy,2017-01-27,NA
NA,NA,NA,NA,cy,2017-01-27,NA
NA,NA,NA,NA,cy,2017-01-27,NA
NA,NA,NA,NA,cy,2017-01-27,NA
NA,NA,NA,NA,cy,2017-01-27,NA
NA,NA,NA,NA,cy,2017-01-27,NA
NA,NA,NA,NA,cy,2017-01-27,NA
NA,NA,NA,NA,cy,2017-01-27,NA
NA,NA,NA,NA,cy,2017-01-27,NA
NA,NA,NA,NA,cy,2017-01-27,NA
NA,NA,NA,NA,cy,2017-01-27,NA
NA,NA,NA,NA,cy,2017-01-27,NA
NA,NA,NA,NA,cy,2017-01-27,NA
NA,NA,NA,NA,cy,2017-01-27,NA
NA,NA,NA,NA,cy,2017-01-27,NA
NA,NA,NA,NA,cy,2017-01-27,NA
NA,NA,NA,NA,cy,2017-01-27,NA
NA,NA,NA,NA,cy,2017-01-27,NA
NA,NA,NA,NA,cy,2017-01-27,NA
NA,NA,NA,NA,cy,2017-01-27,NA
NA,NA,NA,NA,cy,2017-01-27,NA
NA,NA,NA,NA,cy,2017-01-27,NA
NA,NA,NA,NA,cy,2017-01-27,NA
NA,NA,NA,NA,cy,2017-01-27,NA
NA,NA,NA,NA,cy,2017-01-27,NA
NA,NA,NA,NA,cy,2017-01-27,NA
NA,NA,NA,NA,cy,2017-01-27,NA
NA,NA,NA,NA,cy,2017-01-27,NA
NA,NA,NA,NA,cy,2017-01-27,NA
NA,NA,NA,NA,cy,2017-01-27,NA
NA,NA,NA,NA,cy,2017-01-27,NA
NA,NA,NA,NA,cy,2017-01-27,NA
NA,NA,NA,NA,cy,2017-01-27,NA
NA,NA,NA,NA,cy,2017-01-27,NA
NA,NA,NA,NA,cy,2017-01-27,NA
NA,NA,NA,NA,cy,2017-01-27,NA
NA,NA,NA,NA,cy,2017-01-27,NA
NA,NA,NA,NA,cy,2017-01-27,NA
NA,NA,NA,NA,cy,2017-01-27,NA
NA,NA,NA,NA,cy,2017-01-27,NA
NA,NA,NA,NA,cy,2017-01-27,NA
NA,NA,NA,NA,cy,2017-01-27,NA
NA,NA,NA,NA,cy,2017-01-27,NA
NA,NA,NA,NA,cy,2017-01-27,NA
NA,NA,NA,NA,cy,2017-01-27,NA
NA,NA,NA,NA,cy,2017-01-27,NA
NA,NA,NA,NA,cy,2017-01-27,NA
NA,NA,NA,NA,cy,2017-01-27,NA
NA,NA,NA,NA,cy,2017-01-27,NA
NA,NA,NA,NA,cy,2017-01-27,NA
NA,NA,NA,NA,cy,2017-01-27,NA
NA,NA,NA,NA,cy,2017-01-27,NA
NA,NA,NA,NA,cy,2017-01-27,NA
NA,NA,NA,NA,cy,2017-01-27,NA
NA,NA,NA,NA,cy,2017-01-27,NA
NA,NA,NA,NA,cy,2017-01-27,NA
NA,NA,NA,NA,cy,2017-01-27,NA
NA,NA,NA,NA,cy,2017-01-27,NA
NA,NA,NA,NA,cy,2017-01-27,NA
NA,NA,NA,NA,cy,2017-01-27,NA
NA,NA,NA,NA,cy,2017-01-27,NA
NA,NA,NA,NA,cy,2017-01-27,NA
NA,NA,NA,NA,cy,2017-01-27,NA
NA,NA,NA,NA,cy,2017-01-27,NA
NA,NA,NA,NA,cy,2017-01-27,NA
NA,NA,NA,NA,cy,2017-01-27,NA
NA,NA,NA,NA,cy,2017-01-27,NA
NA,NA,NA,NA,cy,2017-01-27,NA
NA,NA,NA,NA,cy,2017-01-27,NA
NA,NA,NA,NA,cy,2017-01-27,NA
NA,NA,NA,NA,cy,2017-01-27,NA
NA,NA,NA,NA,cy,2017-01-27,NA
NA,NA,NA,NA,cy,2017-01-27,NA
NA,NA,NA,NA,cy,2017-01-27,NA
NA,NA,NA,NA,cy,2017-01-27,NA
NA,NA,NA,NA,cy,2017-01-27,NA
NA,NA,NA,NA,cy,2017-01-27,NA
NA,NA,NA,NA,cy,2017-01-27,NA
NA,NA,NA,NA,cy,2017-01-27,NA
NA,NA,NA,NA,cy,2017-01-27,NA
NA,NA,NA,NA,cy,2017-01-27,NA
NA,NA,NA,NA,cy,2017-01-27,NA
NA,NA,NA,NA,cy,2017-01-27,NA
NA,NA,NA,NA,cy,2017-01-27,NA
NA,NA,NA,NA,cy,2017-01-27,NA
NA,NA,NA,NA,cy,2017-01-27,NA
NA,NA,NA,NA,cy,2017-01-27,NA
NA,NA,NA,NA,cy,2017-01-27,NA
NA,NA,NA,NA,cy,2017-01-27,NA
NA,NA,NA,NA,cy,2017-01-27,NA
NA,NA,NA,NA,cy,2017-01-27,NA
NA,NA,NA,NA,cy,2017-01-27,NA
NA,NA,NA,NA,cy,2017-01-27,NA
NA,NA,NA,NA,cy,2017-01-27,NA
NA,NA,NA,NA,cy,2017-01-27,NA
NA,NA,NA,NA,cy,2017-01-27,NA
NA,NA,NA,NA,cy,2017-01-27,NA
NA,NA,NA,NA,cy,2017-01-27,NA
NA,NA,NA,NA,cy,2017-01-27,NA
NA,NA,NA,NA,cy,2017-01-27,NA
NA,NA,NA,NA,cy,2017-01-27,NA
NA,NA,NA,NA,cy,2017-01-27,NA
NA,NA,NA,NA,cy,2017-01-27,NA
NA,NA,NA,NA,cy,2017-01-27,NA
NA,NA,NA,NA,cy,2017-01-27,NA
NA,NA,NA,NA,cy,2017-01-27,NA
NA,NA,NA,NA,cy,2017-01-27,NA
NA,NA,NA,NA,cy,2017-01-27,NA
NA,NA,NA,NA,cy,2017-01-27,NA
NA,NA,NA,NA,cy,2017-01-27,NA
NA,NA,NA,NA,cy,2017-01-27,NA
NA,NA,NA,NA,cy,2017-01-27,NA
NA,NA,NA,NA,cy,2017-01-27,NA
NA,NA,NA,NA,cy,2017-01-27,NA
NA,NA,NA,NA,cy,2017-01-27,NA
NA,NA,NA,NA,cy,2017-01-27,NA
NA,NA,NA,NA,cy,2017-01-27,NA
NA,NA,NA,NA,cy,2017-01-27,NA
NA,NA,NA,NA,cy,2017-01-27,NA
NA,NA,NA,NA,cy,2017-01-27,NA
NA,NA,NA,NA,cy,2017-01-27,NA
NA,NA,NA,NA,cy,2017-01-27,NA
NA,NA,NA,NA,cy,2017-01-27,NA
NA,NA,NA,NA,cy,2017-01-27,NA
NA,NA,NA,NA,cy,2017-01-27,NA
NA,NA,NA,NA,cy,2017-01-27,NA
NA,NA,NA,NA,cy,2017-01-27,NA
NA,NA,NA,NA,cy,2017-01-27,NA
NA,NA,NA,NA,cy,2017-01-27,NA
NA,NA,NA,NA,cy,2017-01-27,NA
NA,NA,NA,NA,cy,2017-01-27,NA
NA,NA,NA,NA,cy,2017-01-27,NA
NA,NA,NA,NA,cy,2017-01-27,NA
NA,NA,NA,NA,cy,2017-01-27,NA
NA,NA,NA,NA,cy,2017-01-27,NA
NA,NA,NA,NA,cy,2017-01-27,NA
NA,NA,NA,NA,cy,2017-01-27,NA
NA,NA,NA,NA,cy,2017-01-27,NA
NA,NA,NA,NA,cy,2017-01-27,NA
NA,NA,NA,NA,cy,2017-01-27,NA
NA,NA,NA,NA,cy,2017-01-27,NA
NA,NA,NA,NA,cy,2017-01-27,NA
NA,NA,NA,NA,cy,2017-01-27,NA
NA,NA,NA,NA,cy,2017-01-27,NA
NA,NA,NA,NA,cy,2017-01-27,NA
NA,NA,NA,NA,cy,2017-01-27,NA
NA,NA,NA,NA,cy,2017-01-27,NA
NA,NA,NA,NA,cy,2017-01-27,NA
NA,NA,NA,NA,cy,2017-01-27,NA
NA,NA,NA,NA,cy,2017-01-27,NA
NA,NA,NA,NA,cy,2017-01-27,NA
NA,NA,NA,NA,cy,2017-01-27,NA
NA,NA,NA,NA,cy,2017-01-27,NA
NA,NA,NA,NA,cy,2017-01-27,NA
NA,NA,NA,NA,cy,2017-01-27,NA
NA,NA,NA,NA,cy,2017-01-27,NA
NA,NA,NA,NA,cy,2017-01-27,NA
NA,NA,NA,NA,cy,2017-01-27,NA
NA,NA,NA,NA,cy,2017-01-27,NA
NA,NA,NA,NA,cy,2017-01-27,NA
NA,NA,NA,NA,cy,2017-01-27,NA
NA,NA,NA,NA,cy,2017-01-27,NA
NA,NA,NA,NA,cy,2017-01-27,NA
NA,NA,NA,NA,cy,2017-01-27,NA
NA,NA,NA,NA,cy,2017-01-27,NA
NA,NA,NA,NA,cy,2017-01-27,NA
NA,NA,NA,NA,cy,2017-01-27,NA
NA,NA,NA,NA,cy,2017-01-27,NA
NA,NA,NA,NA,cy,2017-01-27,NA
NA,NA,NA,NA,cy,2017-01-27,NA
NA,NA,NA,NA,cy,2017-01-27,NA
NA,NA,NA,NA,cy,2017-01-27,NA
NA,NA,NA,NA,cy,2017-01-27,NA
NA,NA,NA,NA,cy,2017-01-27,NA
NA,NA,NA,NA,cy,2017-01-27,NA
NA,NA,NA,NA,cy,2017-01-27,NA
NA,NA,NA,NA,cy,2017-01-27,NA
position,track name,artist,streams,region,date,spotify_id
NA,NA,NA,NA,cy,2017-02-03,NA
NA,NA,NA,NA,cy,2017-02-03,NA
NA,NA,NA,NA,cy,2017-02-03,NA
NA,NA,NA,NA,cy,2017-02-03,NA
NA,NA,NA,NA,cy,2017-02-03,NA
NA,NA,NA,NA,cy,2017-02-03,NA
NA,NA,NA,NA,cy,2017-02-03,NA
NA,NA,NA,NA,cy,2017-02-03,NA
NA,NA,NA,NA,cy,2017-02-03,NA
NA,NA,NA,NA,cy,2017-02-03,NA
NA,NA,NA,NA,cy,2017-02-03,NA
NA,NA,NA,NA,cy,2017-02-03,NA
NA,NA,NA,NA,cy,2017-02-03,NA
NA,NA,NA,NA,cy,2017-02-03,NA
NA,NA,NA,NA,cy,2017-02-03,NA
NA,NA,NA,NA,cy,2017-02-03,NA
NA,NA,NA,NA,cy,2017-02-03,NA
NA,NA,NA,NA,cy,2017-02-03,NA
NA,NA,NA,NA,cy,2017-02-03,NA
NA,NA,NA,NA,cy,2017-02-03,NA
NA,NA,NA,NA,cy,2017-02-03,NA
NA,NA,NA,NA,cy,2017-02-03,NA
NA,NA,NA,NA,cy,2017-02-03,NA
NA,NA,NA,NA,cy,2017-02-03,NA
NA,NA,NA,NA,cy,2017-02-03,NA
NA,NA,NA,NA,cy,2017-02-03,NA
NA,NA,NA,NA,cy,2017-02-03,NA
NA,NA,NA,NA,cy,2017-02-03,NA
NA,NA,NA,NA,cy,2017-02-03,NA
NA,NA,NA,NA,cy,2017-02-03,NA
NA,NA,NA,NA,cy,2017-02-03,NA
NA,NA,NA,NA,cy,2017-02-03,NA
NA,NA,NA,NA,cy,2017-02-03,NA
NA,NA,NA,NA,cy,2017-02-03,NA
NA,NA,NA,NA,cy,2017-02-03,NA
NA,NA,NA,NA,cy,2017-02-03,NA
NA,NA,NA,NA,cy,2017-02-03,NA
NA,NA,NA,NA,cy,2017-02-03,NA
NA,NA,NA,NA,cy,2017-02-03,NA
NA,NA,NA,NA,cy,2017-02-03,NA
NA,NA,NA,NA,cy,2017-02-03,NA
NA,NA,NA,NA,cy,2017-02-03,NA
NA,NA,NA,NA,cy,2017-02-03,NA
NA,NA,NA,NA,cy,2017-02-03,NA
NA,NA,NA,NA,cy,2017-02-03,NA
NA,NA,NA,NA,cy,2017-02-03,NA
NA,NA,NA,NA,cy,2017-02-03,NA
NA,NA,NA,NA,cy,2017-02-03,NA
NA,NA,NA,NA,cy,2017-02-03,NA
NA,NA,NA,NA,cy,2017-02-03,NA
NA,NA,NA,NA,cy,2017-02-03,NA
NA,NA,NA,NA,cy,2017-02-03,NA
NA,NA,NA,NA,cy,2017-02-03,NA
NA,NA,NA,NA,cy,2017-02-03,NA
NA,NA,NA,NA,cy,2017-02-03,NA
NA,NA,NA,NA,cy,2017-02-03,NA
NA,NA,NA,NA,cy,2017-02-03,NA
NA,NA,NA,NA,cy,2017-02-03,NA
NA,NA,NA,NA,cy,2017-02-03,NA
NA,NA,NA,NA,cy,2017-02-03,NA
NA,NA,NA,NA,cy,2017-02-03,NA
NA,NA,NA,NA,cy,2017-02-03,NA
NA,NA,NA,NA,cy,2017-02-03,NA
NA,NA,NA,NA,cy,2017-02-03,NA
NA,NA,NA,NA,cy,2017-02-03,NA
NA,NA,NA,NA,cy,2017-02-03,NA
NA,NA,NA,NA,cy,2017-02-03,NA
NA,NA,NA,NA,cy,2017-02-03,NA
NA,NA,NA,NA,cy,2017-02-03,NA
NA,NA,NA,NA,cy,2017-02-03,NA
NA,NA,NA,NA,cy,2017-02-03,NA
NA,NA,NA,NA,cy,2017-02-03,NA
NA,NA,NA,NA,cy,2017-02-03,NA
NA,NA,NA,NA,cy,2017-02-03,NA
NA,NA,NA,NA,cy,2017-02-03,NA
NA,NA,NA,NA,cy,2017-02-03,NA
NA,NA,NA,NA,cy,2017-02-03,NA
NA,NA,NA,NA,cy,2017-02-03,NA
NA,NA,NA,NA,cy,2017-02-03,NA
NA,NA,NA,NA,cy,2017-02-03,NA
NA,NA,NA,NA,cy,2017-02-03,NA
NA,NA,NA,NA,cy,2017-02-03,NA
NA,NA,NA,NA,cy,2017-02-03,NA
NA,NA,NA,NA,cy,2017-02-03,NA
NA,NA,NA,NA,cy,2017-02-03,NA
NA,NA,NA,NA,cy,2017-02-03,NA
NA,NA,NA,NA,cy,2017-02-03,NA
NA,NA,NA,NA,cy,2017-02-03,NA
NA,NA,NA,NA,cy,2017-02-03,NA
NA,NA,NA,NA,cy,2017-02-03,NA
NA,NA,NA,NA,cy,2017-02-03,NA
NA,NA,NA,NA,cy,2017-02-03,NA
NA,NA,NA,NA,cy,2017-02-03,NA
NA,NA,NA,NA,cy,2017-02-03,NA
NA,NA,NA,NA,cy,2017-02-03,NA
NA,NA,NA,NA,cy,2017-02-03,NA
NA,NA,NA,NA,cy,2017-02-03,NA
NA,NA,NA,NA,cy,2017-02-03,NA
NA,NA,NA,NA,cy,2017-02-03,NA
NA,NA,NA,NA,cy,2017-02-03,NA
NA,NA,NA,NA,cy,2017-02-03,NA
NA,NA,NA,NA,cy,2017-02-03,NA
NA,NA,NA,NA,cy,2017-02-03,NA
NA,NA,NA,NA,cy,2017-02-03,NA
NA,NA,NA,NA,cy,2017-02-03,NA
NA,NA,NA,NA,cy,2017-02-03,NA
NA,NA,NA,NA,cy,2017-02-03,NA
NA,NA,NA,NA,cy,2017-02-03,NA
NA,NA,NA,NA,cy,2017-02-03,NA
NA,NA,NA,NA,cy,2017-02-03,NA
NA,NA,NA,NA,cy,2017-02-03,NA
NA,NA,NA,NA,cy,2017-02-03,NA
NA,NA,NA,NA,cy,2017-02-03,NA
NA,NA,NA,NA,cy,2017-02-03,NA
NA,NA,NA,NA,cy,2017-02-03,NA
NA,NA,NA,NA,cy,2017-02-03,NA
NA,NA,NA,NA,cy,2017-02-03,NA
NA,NA,NA,NA,cy,2017-02-03,NA
NA,NA,NA,NA,cy,2017-02-03,NA
NA,NA,NA,NA,cy,2017-02-03,NA
NA,NA,NA,NA,cy,2017-02-03,NA
NA,NA,NA,NA,cy,2017-02-03,NA
NA,NA,NA,NA,cy,2017-02-03,NA
NA,NA,NA,NA,cy,2017-02-03,NA
NA,NA,NA,NA,cy,2017-02-03,NA
NA,NA,NA,NA,cy,2017-02-03,NA
NA,NA,NA,NA,cy,2017-02-03,NA
NA,NA,NA,NA,cy,2017-02-03,NA
NA,NA,NA,NA,cy,2017-02-03,NA
NA,NA,NA,NA,cy,2017-02-03,NA
NA,NA,NA,NA,cy,2017-02-03,NA
NA,NA,NA,NA,cy,2017-02-03,NA
NA,NA,NA,NA,cy,2017-02-03,NA
NA,NA,NA,NA,cy,2017-02-03,NA
NA,NA,NA,NA,cy,2017-02-03,NA
NA,NA,NA,NA,cy,2017-02-03,NA
NA,NA,NA,NA,cy,2017-02-03,NA
NA,NA,NA,NA,cy,2017-02-03,NA
NA,NA,NA,NA,cy,2017-02-03,NA
NA,NA,NA,NA,cy,2017-02-03,NA
NA,NA,NA,NA,cy,2017-02-03,NA
NA,NA,NA,NA,cy,2017-02-03,NA
NA,NA,NA,NA,cy,2017-02-03,NA
NA,NA,NA,NA,cy,2017-02-03,NA
NA,NA,NA,NA,cy,2017-02-03,NA
NA,NA,NA,NA,cy,2017-02-03,NA
NA,NA,NA,NA,cy,2017-02-03,NA
NA,NA,NA,NA,cy,2017-02-03,NA
NA,NA,NA,NA,cy,2017-02-03,NA
NA,NA,NA,NA,cy,2017-02-03,NA
NA,NA,NA,NA,cy,2017-02-03,NA
NA,NA,NA,NA,cy,2017-02-03,NA
NA,NA,NA,NA,cy,2017-02-03,NA
NA,NA,NA,NA,cy,2017-02-03,NA
NA,NA,NA,NA,cy,2017-02-03,NA
NA,NA,NA,NA,cy,2017-02-03,NA
NA,NA,NA,NA,cy,2017-02-03,NA
NA,NA,NA,NA,cy,2017-02-03,NA
NA,NA,NA,NA,cy,2017-02-03,NA
NA,NA,NA,NA,cy,2017-02-03,NA
NA,NA,NA,NA,cy,2017-02-03,NA
NA,NA,NA,NA,cy,2017-02-03,NA
NA,NA,NA,NA,cy,2017-02-03,NA
NA,NA,NA,NA,cy,2017-02-03,NA
NA,NA,NA,NA,cy,2017-02-03,NA
NA,NA,NA,NA,cy,2017-02-03,NA
NA,NA,NA,NA,cy,2017-02-03,NA
NA,NA,NA,NA,cy,2017-02-03,NA
NA,NA,NA,NA,cy,2017-02-03,NA
NA,NA,NA,NA,cy,2017-02-03,NA
NA,NA,NA,NA,cy,2017-02-03,NA
NA,NA,NA,NA,cy,2017-02-03,NA
NA,NA,NA,NA,cy,2017-02-03,NA
NA,NA,NA,NA,cy,2017-02-03,NA
NA,NA,NA,NA,cy,2017-02-03,NA
NA,NA,NA,NA,cy,2017-02-03,NA
NA,NA,NA,NA,cy,2017-02-03,NA
NA,NA,NA,NA,cy,2017-02-03,NA
NA,NA,NA,NA,cy,2017-02-03,NA
NA,NA,NA,NA,cy,2017-02-03,NA
NA,NA,NA,NA,cy,2017-02-03,NA
NA,NA,NA,NA,cy,2017-02-03,NA
NA,NA,NA,NA,cy,2017-02-03,NA
NA,NA,NA,NA,cy,2017-02-03,NA
NA,NA,NA,NA,cy,2017-02-03,NA
NA,NA,NA,NA,cy,2017-02-03,NA
NA,NA,NA,NA,cy,2017-02-03,NA
NA,NA,NA,NA,cy,2017-02-03,NA
NA,NA,NA,NA,cy,2017-02-03,NA
NA,NA,NA,NA,cy,2017-02-03,NA
NA,NA,NA,NA,cy,2017-02-03,NA
NA,NA,NA,NA,cy,2017-02-03,NA
NA,NA,NA,NA,cy,2017-02-03,NA
NA,NA,NA,NA,cy,2017-02-03,NA
NA,NA,NA,NA,cy,2017-02-03,NA
NA,NA,NA,NA,cy,2017-02-03,NA
NA,NA,NA,NA,cy,2017-02-03,NA
NA,NA,NA,NA,cy,2017-02-03,NA
NA,NA,NA,NA,cy,2017-02-03,NA
NA,NA,NA,NA,cy,2017-02-03,NA
position,track name,artist,streams,region,date,spotify_id
NA,NA,NA,NA,cy,2017-02-10,NA
NA,NA,NA,NA,cy,2017-02-10,NA
NA,NA,NA,NA,cy,2017-02-10,NA
NA,NA,NA,NA,cy,2017-02-10,NA
NA,NA,NA,NA,cy,2017-02-10,NA
NA,NA,NA,NA,cy,2017-02-10,NA
NA,NA,NA,NA,cy,2017-02-10,NA
NA,NA,NA,NA,cy,2017-02-10,NA
NA,NA,NA,NA,cy,2017-02-10,NA
NA,NA,NA,NA,cy,2017-02-10,NA
NA,NA,NA,NA,cy,2017-02-10,NA
NA,NA,NA,NA,cy,2017-02-10,NA
NA,NA,NA,NA,cy,2017-02-10,NA
NA,NA,NA,NA,cy,2017-02-10,NA
NA,NA,NA,NA,cy,2017-02-10,NA
NA,NA,NA,NA,cy,2017-02-10,NA
NA,NA,NA,NA,cy,2017-02-10,NA
NA,NA,NA,NA,cy,2017-02-10,NA
NA,NA,NA,NA,cy,2017-02-10,NA
NA,NA,NA,NA,cy,2017-02-10,NA
NA,NA,NA,NA,cy,2017-02-10,NA
NA,NA,NA,NA,cy,2017-02-10,NA
NA,NA,NA,NA,cy,2017-02-10,NA
NA,NA,NA,NA,cy,2017-02-10,NA
NA,NA,NA,NA,cy,2017-02-10,NA
NA,NA,NA,NA,cy,2017-02-10,NA
NA,NA,NA,NA,cy,2017-02-10,NA
NA,NA,NA,NA,cy,2017-02-10,NA
NA,NA,NA,NA,cy,2017-02-10,NA
NA,NA,NA,NA,cy,2017-02-10,NA
NA,NA,NA,NA,cy,2017-02-10,NA
NA,NA,NA,NA,cy,2017-02-10,NA
NA,NA,NA,NA,cy,2017-02-10,NA
NA,NA,NA,NA,cy,2017-02-10,NA
NA,NA,NA,NA,cy,2017-02-10,NA
NA,NA,NA,NA,cy,2017-02-10,NA
NA,NA,NA,NA,cy,2017-02-10,NA
NA,NA,NA,NA,cy,2017-02-10,NA
NA,NA,NA,NA,cy,2017-02-10,NA
NA,NA,NA,NA,cy,2017-02-10,NA
NA,NA,NA,NA,cy,2017-02-10,NA
NA,NA,NA,NA,cy,2017-02-10,NA
NA,NA,NA,NA,cy,2017-02-10,NA
NA,NA,NA,NA,cy,2017-02-10,NA
NA,NA,NA,NA,cy,2017-02-10,NA
NA,NA,NA,NA,cy,2017-02-10,NA
NA,NA,NA,NA,cy,2017-02-10,NA
NA,NA,NA,NA,cy,2017-02-10,NA
NA,NA,NA,NA,cy,2017-02-10,NA
NA,NA,NA,NA,cy,2017-02-10,NA
NA,NA,NA,NA,cy,2017-02-10,NA
NA,NA,NA,NA,cy,2017-02-10,NA
NA,NA,NA,NA,cy,2017-02-10,NA
NA,NA,NA,NA,cy,2017-02-10,NA
NA,NA,NA,NA,cy,2017-02-10,NA
NA,NA,NA,NA,cy,2017-02-10,NA
NA,NA,NA,NA,cy,2017-02-10,NA
NA,NA,NA,NA,cy,2017-02-10,NA
NA,NA,NA,NA,cy,2017-02-10,NA
NA,NA,NA,NA,cy,2017-02-10,NA
NA,NA,NA,NA,cy,2017-02-10,NA
NA,NA,NA,NA,cy,2017-02-10,NA
NA,NA,NA,NA,cy,2017-02-10,NA
NA,NA,NA,NA,cy,2017-02-10,NA
NA,NA,NA,NA,cy,2017-02-10,NA
NA,NA,NA,NA,cy,2017-02-10,NA
NA,NA,NA,NA,cy,2017-02-10,NA
NA,NA,NA,NA,cy,2017-02-10,NA
NA,NA,NA,NA,cy,2017-02-10,NA
NA,NA,NA,NA,cy,2017-02-10,NA
NA,NA,NA,NA,cy,2017-02-10,NA
NA,NA,NA,NA,cy,2017-02-10,NA
NA,NA,NA,NA,cy,2017-02-10,NA
NA,NA,NA,NA,cy,2017-02-10,NA
NA,NA,NA,NA,cy,2017-02-10,NA
NA,NA,NA,NA,cy,2017-02-10,NA
NA,NA,NA,NA,cy,2017-02-10,NA
NA,NA,NA,NA,cy,2017-02-10,NA
NA,NA,NA,NA,cy,2017-02-10,NA
NA,NA,NA,NA,cy,2017-02-10,NA
NA,NA,NA,NA,cy,2017-02-10,NA
NA,NA,NA,NA,cy,2017-02-10,NA
NA,NA,NA,NA,cy,2017-02-10,NA
NA,NA,NA,NA,cy,2017-02-10,NA
NA,NA,NA,NA,cy,2017-02-10,NA
NA,NA,NA,NA,cy,2017-02-10,NA
NA,NA,NA,NA,cy,2017-02-10,NA
NA,NA,NA,NA,cy,2017-02-10,NA
NA,NA,NA,NA,cy,2017-02-10,NA
NA,NA,NA,NA,cy,2017-02-10,NA
NA,NA,NA,NA,cy,2017-02-10,NA
NA,NA,NA,NA,cy,2017-02-10,NA
NA,NA,NA,NA,cy,2017-02-10,NA
NA,NA,NA,NA,cy,2017-02-10,NA
NA,NA,NA,NA,cy,2017-02-10,NA
NA,NA,NA,NA,cy,2017-02-10,NA
NA,NA,NA,NA,cy,2017-02-10,NA
NA,NA,NA,NA,cy,2017-02-10,NA
NA,NA,NA,NA,cy,2017-02-10,NA
NA,NA,NA,NA,cy,2017-02-10,NA
NA,NA,NA,NA,cy,2017-02-10,NA
NA,NA,NA,NA,cy,2017-02-10,NA
NA,NA,NA,NA,cy,2017-02-10,NA
NA,NA,NA,NA,cy,2017-02-10,NA
NA,NA,NA,NA,cy,2017-02-10,NA
NA,NA,NA,NA,cy,2017-02-10,NA
NA,NA,NA,NA,cy,2017-02-10,NA
NA,NA,NA,NA,cy,2017-02-10,NA
NA,NA,NA,NA,cy,2017-02-10,NA
NA,NA,NA,NA,cy,2017-02-10,NA
NA,NA,NA,NA,cy,2017-02-10,NA
NA,NA,NA,NA,cy,2017-02-10,NA
NA,NA,NA,NA,cy,2017-02-10,NA
NA,NA,NA,NA,cy,2017-02-10,NA
NA,NA,NA,NA,cy,2017-02-10,NA
NA,NA,NA,NA,cy,2017-02-10,NA
NA,NA,NA,NA,cy,2017-02-10,NA
NA,NA,NA,NA,cy,2017-02-10,NA
NA,NA,NA,NA,cy,2017-02-10,NA
NA,NA,NA,NA,cy,2017-02-10,NA
NA,NA,NA,NA,cy,2017-02-10,NA
NA,NA,NA,NA,cy,2017-02-10,NA
NA,NA,NA,NA,cy,2017-02-10,NA
NA,NA,NA,NA,cy,2017-02-10,NA
NA,NA,NA,NA,cy,2017-02-10,NA
NA,NA,NA,NA,cy,2017-02-10,NA
NA,NA,NA,NA,cy,2017-02-10,NA
NA,NA,NA,NA,cy,2017-02-10,NA
NA,NA,NA,NA,cy,2017-02-10,NA
NA,NA,NA,NA,cy,2017-02-10,NA
NA,NA,NA,NA,cy,2017-02-10,NA
NA,NA,NA,NA,cy,2017-02-10,NA
NA,NA,NA,NA,cy,2017-02-10,NA
NA,NA,NA,NA,cy,2017-02-10,NA
NA,NA,NA,NA,cy,2017-02-10,NA
NA,NA,NA,NA,cy,2017-02-10,NA
NA,NA,NA,NA,cy,2017-02-10,NA
NA,NA,NA,NA,cy,2017-02-10,NA
NA,NA,NA,NA,cy,2017-02-10,NA
NA,NA,NA,NA,cy,2017-02-10,NA
NA,NA,NA,NA,cy,2017-02-10,NA
NA,NA,NA,NA,cy,2017-02-10,NA
NA,NA,NA,NA,cy,2017-02-10,NA
NA,NA,NA,NA,cy,2017-02-10,NA
NA,NA,NA,NA,cy,2017-02-10,NA
NA,NA,NA,NA,cy,2017-02-10,NA
NA,NA,NA,NA,cy,2017-02-10,NA
NA,NA,NA,NA,cy,2017-02-10,NA
NA,NA,NA,NA,cy,2017-02-10,NA
NA,NA,NA,NA,cy,2017-02-10,NA
NA,NA,NA,NA,cy,2017-02-10,NA
NA,NA,NA,NA,cy,2017-02-10,NA
NA,NA,NA,NA,cy,2017-02-10,NA
NA,NA,NA,NA,cy,2017-02-10,NA
NA,NA,NA,NA,cy,2017-02-10,NA
NA,NA,NA,NA,cy,2017-02-10,NA
NA,NA,NA,NA,cy,2017-02-10,NA
NA,NA,NA,NA,cy,2017-02-10,NA
NA,NA,NA,NA,cy,2017-02-10,NA
NA,NA,NA,NA,cy,2017-02-10,NA
NA,NA,NA,NA,cy,2017-02-10,NA
NA,NA,NA,NA,cy,2017-02-10,NA
NA,NA,NA,NA,cy,2017-02-10,NA
NA,NA,NA,NA,cy,2017-02-10,NA
NA,NA,NA,NA,cy,2017-02-10,NA
NA,NA,NA,NA,cy,2017-02-10,NA
NA,NA,NA,NA,cy,2017-02-10,NA
NA,NA,NA,NA,cy,2017-02-10,NA
NA,NA,NA,NA,cy,2017-02-10,NA
NA,NA,NA,NA,cy,2017-02-10,NA
NA,NA,NA,NA,cy,2017-02-10,NA
NA,NA,NA,NA,cy,2017-02-10,NA
NA,NA,NA,NA,cy,2017-02-10,NA
NA,NA,NA,NA,cy,2017-02-10,NA
NA,NA,NA,NA,cy,2017-02-10,NA
NA,NA,NA,NA,cy,2017-02-10,NA
NA,NA,NA,NA,cy,2017-02-10,NA
NA,NA,NA,NA,cy,2017-02-10,NA
NA,NA,NA,NA,cy,2017-02-10,NA
NA,NA,NA,NA,cy,2017-02-10,NA
NA,NA,NA,NA,cy,2017-02-10,NA
NA,NA,NA,NA,cy,2017-02-10,NA
NA,NA,NA,NA,cy,2017-02-10,NA
NA,NA,NA,NA,cy,2017-02-10,NA
NA,NA,NA,NA,cy,2017-02-10,NA
NA,NA,NA,NA,cy,2017-02-10,NA
NA,NA,NA,NA,cy,2017-02-10,NA
NA,NA,NA,NA,cy,2017-02-10,NA
NA,NA,NA,NA,cy,2017-02-10,NA
NA,NA,NA,NA,cy,2017-02-10,NA
NA,NA,NA,NA,cy,2017-02-10,NA
NA,NA,NA,NA,cy,2017-02-10,NA
NA,NA,NA,NA,cy,2017-02-10,NA
NA,NA,NA,NA,cy,2017-02-10,NA
NA,NA,NA,NA,cy,2017-02-10,NA
NA,NA,NA,NA,cy,2017-02-10,NA
NA,NA,NA,NA,cy,2017-02-10,NA
NA,NA,NA,NA,cy,2017-02-10,NA
NA,NA,NA,NA,cy,2017-02-10,NA
NA,NA,NA,NA,cy,2017-02-10,NA
position,track name,artist,streams,region,date,spotify_id
NA,NA,NA,NA,cy,2017-02-17,NA
NA,NA,NA,NA,cy,2017-02-17,NA
NA,NA,NA,NA,cy,2017-02-17,NA
NA,NA,NA,NA,cy,2017-02-17,NA
NA,NA,NA,NA,cy,2017-02-17,NA
NA,NA,NA,NA,cy,2017-02-17,NA
NA,NA,NA,NA,cy,2017-02-17,NA
NA,NA,NA,NA,cy,2017-02-17,NA
NA,NA,NA,NA,cy,2017-02-17,NA
NA,NA,NA,NA,cy,2017-02-17,NA
NA,NA,NA,NA,cy,2017-02-17,NA
NA,NA,NA,NA,cy,2017-02-17,NA
NA,NA,NA,NA,cy,2017-02-17,NA
NA,NA,NA,NA,cy,2017-02-17,NA
NA,NA,NA,NA,cy,2017-02-17,NA
NA,NA,NA,NA,cy,2017-02-17,NA
NA,NA,NA,NA,cy,2017-02-17,NA
NA,NA,NA,NA,cy,2017-02-17,NA
NA,NA,NA,NA,cy,2017-02-17,NA
NA,NA,NA,NA,cy,2017-02-17,NA
NA,NA,NA,NA,cy,2017-02-17,NA
NA,NA,NA,NA,cy,2017-02-17,NA
NA,NA,NA,NA,cy,2017-02-17,NA
NA,NA,NA,NA,cy,2017-02-17,NA
NA,NA,NA,NA,cy,2017-02-17,NA
NA,NA,NA,NA,cy,2017-02-17,NA
NA,NA,NA,NA,cy,2017-02-17,NA
NA,NA,NA,NA,cy,2017-02-17,NA
NA,NA,NA,NA,cy,2017-02-17,NA
NA,NA,NA,NA,cy,2017-02-17,NA
NA,NA,NA,NA,cy,2017-02-17,NA
NA,NA,NA,NA,cy,2017-02-17,NA
NA,NA,NA,NA,cy,2017-02-17,NA
NA,NA,NA,NA,cy,2017-02-17,NA
NA,NA,NA,NA,cy,2017-02-17,NA
NA,NA,NA,NA,cy,2017-02-17,NA
NA,NA,NA,NA,cy,2017-02-17,NA
NA,NA,NA,NA,cy,2017-02-17,NA
NA,NA,NA,NA,cy,2017-02-17,NA
NA,NA,NA,NA,cy,2017-02-17,NA
NA,NA,NA,NA,cy,2017-02-17,NA
NA,NA,NA,NA,cy,2017-02-17,NA
NA,NA,NA,NA,cy,2017-02-17,NA
NA,NA,NA,NA,cy,2017-02-17,NA
NA,NA,NA,NA,cy,2017-02-17,NA
NA,NA,NA,NA,cy,2017-02-17,NA
NA,NA,NA,NA,cy,2017-02-17,NA
NA,NA,NA,NA,cy,2017-02-17,NA
NA,NA,NA,NA,cy,2017-02-17,NA
NA,NA,NA,NA,cy,2017-02-17,NA
NA,NA,NA,NA,cy,2017-02-17,NA
NA,NA,NA,NA,cy,2017-02-17,NA
NA,NA,NA,NA,cy,2017-02-17,NA
NA,NA,NA,NA,cy,2017-02-17,NA
NA,NA,NA,NA,cy,2017-02-17,NA
NA,NA,NA,NA,cy,2017-02-17,NA
NA,NA,NA,NA,cy,2017-02-17,NA
NA,NA,NA,NA,cy,2017-02-17,NA
NA,NA,NA,NA,cy,2017-02-17,NA
NA,NA,NA,NA,cy,2017-02-17,NA
NA,NA,NA,NA,cy,2017-02-17,NA
NA,NA,NA,NA,cy,2017-02-17,NA
NA,NA,NA,NA,cy,2017-02-17,NA
NA,NA,NA,NA,cy,2017-02-17,NA
NA,NA,NA,NA,cy,2017-02-17,NA
NA,NA,NA,NA,cy,2017-02-17,NA
NA,NA,NA,NA,cy,2017-02-17,NA
NA,NA,NA,NA,cy,2017-02-17,NA
NA,NA,NA,NA,cy,2017-02-17,NA
NA,NA,NA,NA,cy,2017-02-17,NA
NA,NA,NA,NA,cy,2017-02-17,NA
NA,NA,NA,NA,cy,2017-02-17,NA
NA,NA,NA,NA,cy,2017-02-17,NA
NA,NA,NA,NA,cy,2017-02-17,NA
NA,NA,NA,NA,cy,2017-02-17,NA
NA,NA,NA,NA,cy,2017-02-17,NA
NA,NA,NA,NA,cy,2017-02-17,NA
NA,NA,NA,NA,cy,2017-02-17,NA
NA,NA,NA,NA,cy,2017-02-17,NA
NA,NA,NA,NA,cy,2017-02-17,NA
NA,NA,NA,NA,cy,2017-02-17,NA
NA,NA,NA,NA,cy,2017-02-17,NA
NA,NA,NA,NA,cy,2017-02-17,NA
NA,NA,NA,NA,cy,2017-02-17,NA
NA,NA,NA,NA,cy,2017-02-17,NA
NA,NA,NA,NA,cy,2017-02-17,NA
NA,NA,NA,NA,cy,2017-02-17,NA
NA,NA,NA,NA,cy,2017-02-17,NA
NA,NA,NA,NA,cy,2017-02-17,NA
NA,NA,NA,NA,cy,2017-02-17,NA
NA,NA,NA,NA,cy,2017-02-17,NA
NA,NA,NA,NA,cy,2017-02-17,NA
NA,NA,NA,NA,cy,2017-02-17,NA
NA,NA,NA,NA,cy,2017-02-17,NA
NA,NA,NA,NA,cy,2017-02-17,NA
NA,NA,NA,NA,cy,2017-02-17,NA
NA,NA,NA,NA,cy,2017-02-17,NA
NA,NA,NA,NA,cy,2017-02-17,NA
NA,NA,NA,NA,cy,2017-02-17,NA
NA,NA,NA,NA,cy,2017-02-17,NA
NA,NA,NA,NA,cy,2017-02-17,NA
NA,NA,NA,NA,cy,2017-02-17,NA
NA,NA,NA,NA,cy,2017-02-17,NA
NA,NA,NA,NA,cy,2017-02-17,NA
NA,NA,NA,NA,cy,2017-02-17,NA
NA,NA,NA,NA,cy,2017-02-17,NA
NA,NA,NA,NA,cy,2017-02-17,NA
NA,NA,NA,NA,cy,2017-02-17,NA
NA,NA,NA,NA,cy,2017-02-17,NA
NA,NA,NA,NA,cy,2017-02-17,NA
NA,NA,NA,NA,cy,2017-02-17,NA
NA,NA,NA,NA,cy,2017-02-17,NA
NA,NA,NA,NA,cy,2017-02-17,NA
NA,NA,NA,NA,cy,2017-02-17,NA
NA,NA,NA,NA,cy,2017-02-17,NA
NA,NA,NA,NA,cy,2017-02-17,NA
NA,NA,NA,NA,cy,2017-02-17,NA
NA,NA,NA,NA,cy,2017-02-17,NA
NA,NA,NA,NA,cy,2017-02-17,NA
NA,NA,NA,NA,cy,2017-02-17,NA
NA,NA,NA,NA,cy,2017-02-17,NA
NA,NA,NA,NA,cy,2017-02-17,NA
NA,NA,NA,NA,cy,2017-02-17,NA
NA,NA,NA,NA,cy,2017-02-17,NA
NA,NA,NA,NA,cy,2017-02-17,NA
NA,NA,NA,NA,cy,2017-02-17,NA
NA,NA,NA,NA,cy,2017-02-17,NA
NA,NA,NA,NA,cy,2017-02-17,NA
NA,NA,NA,NA,cy,2017-02-17,NA
NA,NA,NA,NA,cy,2017-02-17,NA
NA,NA,NA,NA,cy,2017-02-17,NA
NA,NA,NA,NA,cy,2017-02-17,NA
NA,NA,NA,NA,cy,2017-02-17,NA
NA,NA,NA,NA,cy,2017-02-17,NA
NA,NA,NA,NA,cy,2017-02-17,NA
NA,NA,NA,NA,cy,2017-02-17,NA
NA,NA,NA,NA,cy,2017-02-17,NA
NA,NA,NA,NA,cy,2017-02-17,NA
NA,NA,NA,NA,cy,2017-02-17,NA
NA,NA,NA,NA,cy,2017-02-17,NA
NA,NA,NA,NA,cy,2017-02-17,NA
NA,NA,NA,NA,cy,2017-02-17,NA
NA,NA,NA,NA,cy,2017-02-17,NA
NA,NA,NA,NA,cy,2017-02-17,NA
NA,NA,NA,NA,cy,2017-02-17,NA
NA,NA,NA,NA,cy,2017-02-17,NA
NA,NA,NA,NA,cy,2017-02-17,NA
NA,NA,NA,NA,cy,2017-02-17,NA
NA,NA,NA,NA,cy,2017-02-17,NA
NA,NA,NA,NA,cy,2017-02-17,NA
NA,NA,NA,NA,cy,2017-02-17,NA
NA,NA,NA,NA,cy,2017-02-17,NA
NA,NA,NA,NA,cy,2017-02-17,NA
NA,NA,NA,NA,cy,2017-02-17,NA
NA,NA,NA,NA,cy,2017-02-17,NA
NA,NA,NA,NA,cy,2017-02-17,NA
NA,NA,NA,NA,cy,2017-02-17,NA
NA,NA,NA,NA,cy,2017-02-17,NA
NA,NA,NA,NA,cy,2017-02-17,NA
NA,NA,NA,NA,cy,2017-02-17,NA
NA,NA,NA,NA,cy,2017-02-17,NA
NA,NA,NA,NA,cy,2017-02-17,NA
NA,NA,NA,NA,cy,2017-02-17,NA
NA,NA,NA,NA,cy,2017-02-17,NA
NA,NA,NA,NA,cy,2017-02-17,NA
NA,NA,NA,NA,cy,2017-02-17,NA
NA,NA,NA,NA,cy,2017-02-17,NA
NA,NA,NA,NA,cy,2017-02-17,NA
NA,NA,NA,NA,cy,2017-02-17,NA
NA,NA,NA,NA,cy,2017-02-17,NA
NA,NA,NA,NA,cy,2017-02-17,NA
NA,NA,NA,NA,cy,2017-02-17,NA
NA,NA,NA,NA,cy,2017-02-17,NA
NA,NA,NA,NA,cy,2017-02-17,NA
NA,NA,NA,NA,cy,2017-02-17,NA
NA,NA,NA,NA,cy,2017-02-17,NA
NA,NA,NA,NA,cy,2017-02-17,NA
NA,NA,NA,NA,cy,2017-02-17,NA
NA,NA,NA,NA,cy,2017-02-17,NA
NA,NA,NA,NA,cy,2017-02-17,NA
NA,NA,NA,NA,cy,2017-02-17,NA
NA,NA,NA,NA,cy,2017-02-17,NA
NA,NA,NA,NA,cy,2017-02-17,NA
NA,NA,NA,NA,cy,2017-02-17,NA
NA,NA,NA,NA,cy,2017-02-17,NA
NA,NA,NA,NA,cy,2017-02-17,NA
NA,NA,NA,NA,cy,2017-02-17,NA
NA,NA,NA,NA,cy,2017-02-17,NA
NA,NA,NA,NA,cy,2017-02-17,NA
NA,NA,NA,NA,cy,2017-02-17,NA
NA,NA,NA,NA,cy,2017-02-17,NA
NA,NA,NA,NA,cy,2017-02-17,NA
NA,NA,NA,NA,cy,2017-02-17,NA
NA,NA,NA,NA,cy,2017-02-17,NA
NA,NA,NA,NA,cy,2017-02-17,NA
NA,NA,NA,NA,cy,2017-02-17,NA
NA,NA,NA,NA,cy,2017-02-17,NA
NA,NA,NA,NA,cy,2017-02-17,NA
NA,NA,NA,NA,cy,2017-02-17,NA
NA,NA,NA,NA,cy,2017-02-17,NA
position,track name,artist,streams,region,date,spotify_id
NA,NA,NA,NA,cy,2017-02-24,NA
NA,NA,NA,NA,cy,2017-02-24,NA
NA,NA,NA,NA,cy,2017-02-24,NA
NA,NA,NA,NA,cy,2017-02-24,NA
NA,NA,NA,NA,cy,2017-02-24,NA
NA,NA,NA,NA,cy,2017-02-24,NA
NA,NA,NA,NA,cy,2017-02-24,NA
NA,NA,NA,NA,cy,2017-02-24,NA
NA,NA,NA,NA,cy,2017-02-24,NA
NA,NA,NA,NA,cy,2017-02-24,NA
NA,NA,NA,NA,cy,2017-02-24,NA
NA,NA,NA,NA,cy,2017-02-24,NA
NA,NA,NA,NA,cy,2017-02-24,NA
NA,NA,NA,NA,cy,2017-02-24,NA
NA,NA,NA,NA,cy,2017-02-24,NA
NA,NA,NA,NA,cy,2017-02-24,NA
NA,NA,NA,NA,cy,2017-02-24,NA
NA,NA,NA,NA,cy,2017-02-24,NA
NA,NA,NA,NA,cy,2017-02-24,NA
NA,NA,NA,NA,cy,2017-02-24,NA
NA,NA,NA,NA,cy,2017-02-24,NA
NA,NA,NA,NA,cy,2017-02-24,NA
NA,NA,NA,NA,cy,2017-02-24,NA
NA,NA,NA,NA,cy,2017-02-24,NA
NA,NA,NA,NA,cy,2017-02-24,NA
NA,NA,NA,NA,cy,2017-02-24,NA
NA,NA,NA,NA,cy,2017-02-24,NA
NA,NA,NA,NA,cy,2017-02-24,NA
NA,NA,NA,NA,cy,2017-02-24,NA
NA,NA,NA,NA,cy,2017-02-24,NA
NA,NA,NA,NA,cy,2017-02-24,NA
NA,NA,NA,NA,cy,2017-02-24,NA
NA,NA,NA,NA,cy,2017-02-24,NA
NA,NA,NA,NA,cy,2017-02-24,NA
NA,NA,NA,NA,cy,2017-02-24,NA
NA,NA,NA,NA,cy,2017-02-24,NA
NA,NA,NA,NA,cy,2017-02-24,NA
NA,NA,NA,NA,cy,2017-02-24,NA
NA,NA,NA,NA,cy,2017-02-24,NA
NA,NA,NA,NA,cy,2017-02-24,NA
NA,NA,NA,NA,cy,2017-02-24,NA
NA,NA,NA,NA,cy,2017-02-24,NA
NA,NA,NA,NA,cy,2017-02-24,NA
NA,NA,NA,NA,cy,2017-02-24,NA
NA,NA,NA,NA,cy,2017-02-24,NA
NA,NA,NA,NA,cy,2017-02-24,NA
NA,NA,NA,NA,cy,2017-02-24,NA
NA,NA,NA,NA,cy,2017-02-24,NA
NA,NA,NA,NA,cy,2017-02-24,NA
NA,NA,NA,NA,cy,2017-02-24,NA
NA,NA,NA,NA,cy,2017-02-24,NA
NA,NA,NA,NA,cy,2017-02-24,NA
NA,NA,NA,NA,cy,2017-02-24,NA
NA,NA,NA,NA,cy,2017-02-24,NA
NA,NA,NA,NA,cy,2017-02-24,NA
NA,NA,NA,NA,cy,2017-02-24,NA
NA,NA,NA,NA,cy,2017-02-24,NA
NA,NA,NA,NA,cy,2017-02-24,NA
NA,NA,NA,NA,cy,2017-02-24,NA
NA,NA,NA,NA,cy,2017-02-24,NA
NA,NA,NA,NA,cy,2017-02-24,NA
NA,NA,NA,NA,cy,2017-02-24,NA
NA,NA,NA,NA,cy,2017-02-24,NA
NA,NA,NA,NA,cy,2017-02-24,NA
NA,NA,NA,NA,cy,2017-02-24,NA
NA,NA,NA,NA,cy,2017-02-24,NA
NA,NA,NA,NA,cy,2017-02-24,NA
NA,NA,NA,NA,cy,2017-02-24,NA
NA,NA,NA,NA,cy,2017-02-24,NA
NA,NA,NA,NA,cy,2017-02-24,NA
NA,NA,NA,NA,cy,2017-02-24,NA
NA,NA,NA,NA,cy,2017-02-24,NA
NA,NA,NA,NA,cy,2017-02-24,NA
NA,NA,NA,NA,cy,2017-02-24,NA
NA,NA,NA,NA,cy,2017-02-24,NA
NA,NA,NA,NA,cy,2017-02-24,NA
NA,NA,NA,NA,cy,2017-02-24,NA
NA,NA,NA,NA,cy,2017-02-24,NA
NA,NA,NA,NA,cy,2017-02-24,NA
NA,NA,NA,NA,cy,2017-02-24,NA
NA,NA,NA,NA,cy,2017-02-24,NA
NA,NA,NA,NA,cy,2017-02-24,NA
NA,NA,NA,NA,cy,2017-02-24,NA
NA,NA,NA,NA,cy,2017-02-24,NA
NA,NA,NA,NA,cy,2017-02-24,NA
NA,NA,NA,NA,cy,2017-02-24,NA
NA,NA,NA,NA,cy,2017-02-24,NA
NA,NA,NA,NA,cy,2017-02-24,NA
NA,NA,NA,NA,cy,2017-02-24,NA
NA,NA,NA,NA,cy,2017-02-24,NA
NA,NA,NA,NA,cy,2017-02-24,NA
NA,NA,NA,NA,cy,2017-02-24,NA
NA,NA,NA,NA,cy,2017-02-24,NA
NA,NA,NA,NA,cy,2017-02-24,NA
NA,NA,NA,NA,cy,2017-02-24,NA
NA,NA,NA,NA,cy,2017-02-24,NA
NA,NA,NA,NA,cy,2017-02-24,NA
NA,NA,NA,NA,cy,2017-02-24,NA
NA,NA,NA,NA,cy,2017-02-24,NA
NA,NA,NA,NA,cy,2017-02-24,NA
NA,NA,NA,NA,cy,2017-02-24,NA
NA,NA,NA,NA,cy,2017-02-24,NA
NA,NA,NA,NA,cy,2017-02-24,NA
NA,NA,NA,NA,cy,2017-02-24,NA
NA,NA,NA,NA,cy,2017-02-24,NA
NA,NA,NA,NA,cy,2017-02-24,NA
NA,NA,NA,NA,cy,2017-02-24,NA
NA,NA,NA,NA,cy,2017-02-24,NA
NA,NA,NA,NA,cy,2017-02-24,NA
NA,NA,NA,NA,cy,2017-02-24,NA
NA,NA,NA,NA,cy,2017-02-24,NA
NA,NA,NA,NA,cy,2017-02-24,NA
NA,NA,NA,NA,cy,2017-02-24,NA
NA,NA,NA,NA,cy,2017-02-24,NA
NA,NA,NA,NA,cy,2017-02-24,NA
NA,NA,NA,NA,cy,2017-02-24,NA
NA,NA,NA,NA,cy,2017-02-24,NA
NA,NA,NA,NA,cy,2017-02-24,NA
NA,NA,NA,NA,cy,2017-02-24,NA
NA,NA,NA,NA,cy,2017-02-24,NA
NA,NA,NA,NA,cy,2017-02-24,NA
NA,NA,NA,NA,cy,2017-02-24,NA
NA,NA,NA,NA,cy,2017-02-24,NA
NA,NA,NA,NA,cy,2017-02-24,NA
NA,NA,NA,NA,cy,2017-02-24,NA
NA,NA,NA,NA,cy,2017-02-24,NA
NA,NA,NA,NA,cy,2017-02-24,NA
NA,NA,NA,NA,cy,2017-02-24,NA
NA,NA,NA,NA,cy,2017-02-24,NA
NA,NA,NA,NA,cy,2017-02-24,NA
NA,NA,NA,NA,cy,2017-02-24,NA
NA,NA,NA,NA,cy,2017-02-24,NA
NA,NA,NA,NA,cy,2017-02-24,NA
NA,NA,NA,NA,cy,2017-02-24,NA
NA,NA,NA,NA,cy,2017-02-24,NA
NA,NA,NA,NA,cy,2017-02-24,NA
NA,NA,NA,NA,cy,2017-02-24,NA
NA,NA,NA,NA,cy,2017-02-24,NA
NA,NA,NA,NA,cy,2017-02-24,NA
NA,NA,NA,NA,cy,2017-02-24,NA
NA,NA,NA,NA,cy,2017-02-24,NA
NA,NA,NA,NA,cy,2017-02-24,NA
NA,NA,NA,NA,cy,2017-02-24,NA
NA,NA,NA,NA,cy,2017-02-24,NA
NA,NA,NA,NA,cy,2017-02-24,NA
NA,NA,NA,NA,cy,2017-02-24,NA
NA,NA,NA,NA,cy,2017-02-24,NA
NA,NA,NA,NA,cy,2017-02-24,NA
NA,NA,NA,NA,cy,2017-02-24,NA
NA,NA,NA,NA,cy,2017-02-24,NA
NA,NA,NA,NA,cy,2017-02-24,NA
NA,NA,NA,NA,cy,2017-02-24,NA
NA,NA,NA,NA,cy,2017-02-24,NA
NA,NA,NA,NA,cy,2017-02-24,NA
NA,NA,NA,NA,cy,2017-02-24,NA
NA,NA,NA,NA,cy,2017-02-24,NA
NA,NA,NA,NA,cy,2017-02-24,NA
NA,NA,NA,NA,cy,2017-02-24,NA
NA,NA,NA,NA,cy,2017-02-24,NA
NA,NA,NA,NA,cy,2017-02-24,NA
NA,NA,NA,NA,cy,2017-02-24,NA
NA,NA,NA,NA,cy,2017-02-24,NA
NA,NA,NA,NA,cy,2017-02-24,NA
NA,NA,NA,NA,cy,2017-02-24,NA
NA,NA,NA,NA,cy,2017-02-24,NA
NA,NA,NA,NA,cy,2017-02-24,NA
NA,NA,NA,NA,cy,2017-02-24,NA
NA,NA,NA,NA,cy,2017-02-24,NA
NA,NA,NA,NA,cy,2017-02-24,NA
NA,NA,NA,NA,cy,2017-02-24,NA
NA,NA,NA,NA,cy,2017-02-24,NA
NA,NA,NA,NA,cy,2017-02-24,NA
NA,NA,NA,NA,cy,2017-02-24,NA
NA,NA,NA,NA,cy,2017-02-24,NA
NA,NA,NA,NA,cy,2017-02-24,NA
NA,NA,NA,NA,cy,2017-02-24,NA
NA,NA,NA,NA,cy,2017-02-24,NA
NA,NA,NA,NA,cy,2017-02-24,NA
NA,NA,NA,NA,cy,2017-02-24,NA
NA,NA,NA,NA,cy,2017-02-24,NA
NA,NA,NA,NA,cy,2017-02-24,NA
NA,NA,NA,NA,cy,2017-02-24,NA
NA,NA,NA,NA,cy,2017-02-24,NA
NA,NA,NA,NA,cy,2017-02-24,NA
NA,NA,NA,NA,cy,2017-02-24,NA
NA,NA,NA,NA,cy,2017-02-24,NA
NA,NA,NA,NA,cy,2017-02-24,NA
NA,NA,NA,NA,cy,2017-02-24,NA
NA,NA,NA,NA,cy,2017-02-24,NA
NA,NA,NA,NA,cy,2017-02-24,NA
NA,NA,NA,NA,cy,2017-02-24,NA
NA,NA,NA,NA,cy,2017-02-24,NA
NA,NA,NA,NA,cy,2017-02-24,NA
NA,NA,NA,NA,cy,2017-02-24,NA
NA,NA,NA,NA,cy,2017-02-24,NA
NA,NA,NA,NA,cy,2017-02-24,NA
NA,NA,NA,NA,cy,2017-02-24,NA
NA,NA,NA,NA,cy,2017-02-24,NA
NA,NA,NA,NA,cy,2017-02-24,NA
NA,NA,NA,NA,cy,2017-02-24,NA
position,track name,artist,streams,region,date,spotify_id
NA,NA,NA,NA,cy,2017-03-03,NA
NA,NA,NA,NA,cy,2017-03-03,NA
NA,NA,NA,NA,cy,2017-03-03,NA
NA,NA,NA,NA,cy,2017-03-03,NA
NA,NA,NA,NA,cy,2017-03-03,NA
NA,NA,NA,NA,cy,2017-03-03,NA
NA,NA,NA,NA,cy,2017-03-03,NA
NA,NA,NA,NA,cy,2017-03-03,NA
NA,NA,NA,NA,cy,2017-03-03,NA
NA,NA,NA,NA,cy,2017-03-03,NA
NA,NA,NA,NA,cy,2017-03-03,NA
NA,NA,NA,NA,cy,2017-03-03,NA
NA,NA,NA,NA,cy,2017-03-03,NA
NA,NA,NA,NA,cy,2017-03-03,NA
NA,NA,NA,NA,cy,2017-03-03,NA
NA,NA,NA,NA,cy,2017-03-03,NA
NA,NA,NA,NA,cy,2017-03-03,NA
NA,NA,NA,NA,cy,2017-03-03,NA
NA,NA,NA,NA,cy,2017-03-03,NA
NA,NA,NA,NA,cy,2017-03-03,NA
NA,NA,NA,NA,cy,2017-03-03,NA
NA,NA,NA,NA,cy,2017-03-03,NA
NA,NA,NA,NA,cy,2017-03-03,NA
NA,NA,NA,NA,cy,2017-03-03,NA
NA,NA,NA,NA,cy,2017-03-03,NA
NA,NA,NA,NA,cy,2017-03-03,NA
NA,NA,NA,NA,cy,2017-03-03,NA
NA,NA,NA,NA,cy,2017-03-03,NA
NA,NA,NA,NA,cy,2017-03-03,NA
NA,NA,NA,NA,cy,2017-03-03,NA
NA,NA,NA,NA,cy,2017-03-03,NA
NA,NA,NA,NA,cy,2017-03-03,NA
NA,NA,NA,NA,cy,2017-03-03,NA
NA,NA,NA,NA,cy,2017-03-03,NA
NA,NA,NA,NA,cy,2017-03-03,NA
NA,NA,NA,NA,cy,2017-03-03,NA
NA,NA,NA,NA,cy,2017-03-03,NA
NA,NA,NA,NA,cy,2017-03-03,NA
NA,NA,NA,NA,cy,2017-03-03,NA
NA,NA,NA,NA,cy,2017-03-03,NA
NA,NA,NA,NA,cy,2017-03-03,NA
NA,NA,NA,NA,cy,2017-03-03,NA
NA,NA,NA,NA,cy,2017-03-03,NA
NA,NA,NA,NA,cy,2017-03-03,NA
NA,NA,NA,NA,cy,2017-03-03,NA
NA,NA,NA,NA,cy,2017-03-03,NA
NA,NA,NA,NA,cy,2017-03-03,NA
NA,NA,NA,NA,cy,2017-03-03,NA
NA,NA,NA,NA,cy,2017-03-03,NA
NA,NA,NA,NA,cy,2017-03-03,NA
NA,NA,NA,NA,cy,2017-03-03,NA
NA,NA,NA,NA,cy,2017-03-03,NA
NA,NA,NA,NA,cy,2017-03-03,NA
NA,NA,NA,NA,cy,2017-03-03,NA
NA,NA,NA,NA,cy,2017-03-03,NA
NA,NA,NA,NA,cy,2017-03-03,NA
NA,NA,NA,NA,cy,2017-03-03,NA
NA,NA,NA,NA,cy,2017-03-03,NA
NA,NA,NA,NA,cy,2017-03-03,NA
NA,NA,NA,NA,cy,2017-03-03,NA
NA,NA,NA,NA,cy,2017-03-03,NA
NA,NA,NA,NA,cy,2017-03-03,NA
NA,NA,NA,NA,cy,2017-03-03,NA
NA,NA,NA,NA,cy,2017-03-03,NA
NA,NA,NA,NA,cy,2017-03-03,NA
NA,NA,NA,NA,cy,2017-03-03,NA
NA,NA,NA,NA,cy,2017-03-03,NA
NA,NA,NA,NA,cy,2017-03-03,NA
NA,NA,NA,NA,cy,2017-03-03,NA
NA,NA,NA,NA,cy,2017-03-03,NA
NA,NA,NA,NA,cy,2017-03-03,NA
NA,NA,NA,NA,cy,2017-03-03,NA
NA,NA,NA,NA,cy,2017-03-03,NA
NA,NA,NA,NA,cy,2017-03-03,NA
NA,NA,NA,NA,cy,2017-03-03,NA
NA,NA,NA,NA,cy,2017-03-03,NA
NA,NA,NA,NA,cy,2017-03-03,NA
NA,NA,NA,NA,cy,2017-03-03,NA
NA,NA,NA,NA,cy,2017-03-03,NA
NA,NA,NA,NA,cy,2017-03-03,NA
NA,NA,NA,NA,cy,2017-03-03,NA
NA,NA,NA,NA,cy,2017-03-03,NA
NA,NA,NA,NA,cy,2017-03-03,NA
NA,NA,NA,NA,cy,2017-03-03,NA
NA,NA,NA,NA,cy,2017-03-03,NA
NA,NA,NA,NA,cy,2017-03-03,NA
NA,NA,NA,NA,cy,2017-03-03,NA
NA,NA,NA,NA,cy,2017-03-03,NA
NA,NA,NA,NA,cy,2017-03-03,NA
NA,NA,NA,NA,cy,2017-03-03,NA
NA,NA,NA,NA,cy,2017-03-03,NA
NA,NA,NA,NA,cy,2017-03-03,NA
NA,NA,NA,NA,cy,2017-03-03,NA
NA,NA,NA,NA,cy,2017-03-03,NA
NA,NA,NA,NA,cy,2017-03-03,NA
NA,NA,NA,NA,cy,2017-03-03,NA
NA,NA,NA,NA,cy,2017-03-03,NA
NA,NA,NA,NA,cy,2017-03-03,NA
NA,NA,NA,NA,cy,2017-03-03,NA
NA,NA,NA,NA,cy,2017-03-03,NA
NA,NA,NA,NA,cy,2017-03-03,NA
NA,NA,NA,NA,cy,2017-03-03,NA
NA,NA,NA,NA,cy,2017-03-03,NA
NA,NA,NA,NA,cy,2017-03-03,NA
NA,NA,NA,NA,cy,2017-03-03,NA
NA,NA,NA,NA,cy,2017-03-03,NA
NA,NA,NA,NA,cy,2017-03-03,NA
NA,NA,NA,NA,cy,2017-03-03,NA
NA,NA,NA,NA,cy,2017-03-03,NA
NA,NA,NA,NA,cy,2017-03-03,NA
NA,NA,NA,NA,cy,2017-03-03,NA
NA,NA,NA,NA,cy,2017-03-03,NA
NA,NA,NA,NA,cy,2017-03-03,NA
NA,NA,NA,NA,cy,2017-03-03,NA
NA,NA,NA,NA,cy,2017-03-03,NA
NA,NA,NA,NA,cy,2017-03-03,NA
NA,NA,NA,NA,cy,2017-03-03,NA
NA,NA,NA,NA,cy,2017-03-03,NA
NA,NA,NA,NA,cy,2017-03-03,NA
NA,NA,NA,NA,cy,2017-03-03,NA
NA,NA,NA,NA,cy,2017-03-03,NA
NA,NA,NA,NA,cy,2017-03-03,NA
NA,NA,NA,NA,cy,2017-03-03,NA
NA,NA,NA,NA,cy,2017-03-03,NA
NA,NA,NA,NA,cy,2017-03-03,NA
NA,NA,NA,NA,cy,2017-03-03,NA
NA,NA,NA,NA,cy,2017-03-03,NA
NA,NA,NA,NA,cy,2017-03-03,NA
NA,NA,NA,NA,cy,2017-03-03,NA
NA,NA,NA,NA,cy,2017-03-03,NA
NA,NA,NA,NA,cy,2017-03-03,NA
NA,NA,NA,NA,cy,2017-03-03,NA
NA,NA,NA,NA,cy,2017-03-03,NA
NA,NA,NA,NA,cy,2017-03-03,NA
NA,NA,NA,NA,cy,2017-03-03,NA
NA,NA,NA,NA,cy,2017-03-03,NA
NA,NA,NA,NA,cy,2017-03-03,NA
NA,NA,NA,NA,cy,2017-03-03,NA
NA,NA,NA,NA,cy,2017-03-03,NA
NA,NA,NA,NA,cy,2017-03-03,NA
NA,NA,NA,NA,cy,2017-03-03,NA
NA,NA,NA,NA,cy,2017-03-03,NA
NA,NA,NA,NA,cy,2017-03-03,NA
NA,NA,NA,NA,cy,2017-03-03,NA
NA,NA,NA,NA,cy,2017-03-03,NA
NA,NA,NA,NA,cy,2017-03-03,NA
NA,NA,NA,NA,cy,2017-03-03,NA
NA,NA,NA,NA,cy,2017-03-03,NA
NA,NA,NA,NA,cy,2017-03-03,NA
NA,NA,NA,NA,cy,2017-03-03,NA
NA,NA,NA,NA,cy,2017-03-03,NA
NA,NA,NA,NA,cy,2017-03-03,NA
NA,NA,NA,NA,cy,2017-03-03,NA
NA,NA,NA,NA,cy,2017-03-03,NA
NA,NA,NA,NA,cy,2017-03-03,NA
NA,NA,NA,NA,cy,2017-03-03,NA
NA,NA,NA,NA,cy,2017-03-03,NA
NA,NA,NA,NA,cy,2017-03-03,NA
NA,NA,NA,NA,cy,2017-03-03,NA
NA,NA,NA,NA,cy,2017-03-03,NA
NA,NA,NA,NA,cy,2017-03-03,NA
NA,NA,NA,NA,cy,2017-03-03,NA
NA,NA,NA,NA,cy,2017-03-03,NA
NA,NA,NA,NA,cy,2017-03-03,NA
NA,NA,NA,NA,cy,2017-03-03,NA
NA,NA,NA,NA,cy,2017-03-03,NA
NA,NA,NA,NA,cy,2017-03-03,NA
NA,NA,NA,NA,cy,2017-03-03,NA
NA,NA,NA,NA,cy,2017-03-03,NA
NA,NA,NA,NA,cy,2017-03-03,NA
NA,NA,NA,NA,cy,2017-03-03,NA
NA,NA,NA,NA,cy,2017-03-03,NA
NA,NA,NA,NA,cy,2017-03-03,NA
NA,NA,NA,NA,cy,2017-03-03,NA
NA,NA,NA,NA,cy,2017-03-03,NA
NA,NA,NA,NA,cy,2017-03-03,NA
NA,NA,NA,NA,cy,2017-03-03,NA
NA,NA,NA,NA,cy,2017-03-03,NA
NA,NA,NA,NA,cy,2017-03-03,NA
NA,NA,NA,NA,cy,2017-03-03,NA
NA,NA,NA,NA,cy,2017-03-03,NA
NA,NA,NA,NA,cy,2017-03-03,NA
NA,NA,NA,NA,cy,2017-03-03,NA
NA,NA,NA,NA,cy,2017-03-03,NA
NA,NA,NA,NA,cy,2017-03-03,NA
NA,NA,NA,NA,cy,2017-03-03,NA
NA,NA,NA,NA,cy,2017-03-03,NA
NA,NA,NA,NA,cy,2017-03-03,NA
NA,NA,NA,NA,cy,2017-03-03,NA
NA,NA,NA,NA,cy,2017-03-03,NA
NA,NA,NA,NA,cy,2017-03-03,NA
NA,NA,NA,NA,cy,2017-03-03,NA
NA,NA,NA,NA,cy,2017-03-03,NA
NA,NA,NA,NA,cy,2017-03-03,NA
NA,NA,NA,NA,cy,2017-03-03,NA
NA,NA,NA,NA,cy,2017-03-03,NA
NA,NA,NA,NA,cy,2017-03-03,NA
NA,NA,NA,NA,cy,2017-03-03,NA
NA,NA,NA,NA,cy,2017-03-03,NA
NA,NA,NA,NA,cy,2017-03-03,NA
position,track name,artist,streams,region,date,spotify_id
NA,NA,NA,NA,cy,2017-03-10,NA
NA,NA,NA,NA,cy,2017-03-10,NA
NA,NA,NA,NA,cy,2017-03-10,NA
NA,NA,NA,NA,cy,2017-03-10,NA
NA,NA,NA,NA,cy,2017-03-10,NA
NA,NA,NA,NA,cy,2017-03-10,NA
NA,NA,NA,NA,cy,2017-03-10,NA
NA,NA,NA,NA,cy,2017-03-10,NA
NA,NA,NA,NA,cy,2017-03-10,NA
NA,NA,NA,NA,cy,2017-03-10,NA
NA,NA,NA,NA,cy,2017-03-10,NA
NA,NA,NA,NA,cy,2017-03-10,NA
NA,NA,NA,NA,cy,2017-03-10,NA
NA,NA,NA,NA,cy,2017-03-10,NA
NA,NA,NA,NA,cy,2017-03-10,NA
NA,NA,NA,NA,cy,2017-03-10,NA
NA,NA,NA,NA,cy,2017-03-10,NA
NA,NA,NA,NA,cy,2017-03-10,NA
NA,NA,NA,NA,cy,2017-03-10,NA
NA,NA,NA,NA,cy,2017-03-10,NA
NA,NA,NA,NA,cy,2017-03-10,NA
NA,NA,NA,NA,cy,2017-03-10,NA
NA,NA,NA,NA,cy,2017-03-10,NA
NA,NA,NA,NA,cy,2017-03-10,NA
NA,NA,NA,NA,cy,2017-03-10,NA
NA,NA,NA,NA,cy,2017-03-10,NA
NA,NA,NA,NA,cy,2017-03-10,NA
NA,NA,NA,NA,cy,2017-03-10,NA
NA,NA,NA,NA,cy,2017-03-10,NA
NA,NA,NA,NA,cy,2017-03-10,NA
NA,NA,NA,NA,cy,2017-03-10,NA
NA,NA,NA,NA,cy,2017-03-10,NA
NA,NA,NA,NA,cy,2017-03-10,NA
NA,NA,NA,NA,cy,2017-03-10,NA
NA,NA,NA,NA,cy,2017-03-10,NA
NA,NA,NA,NA,cy,2017-03-10,NA
NA,NA,NA,NA,cy,2017-03-10,NA
NA,NA,NA,NA,cy,2017-03-10,NA
NA,NA,NA,NA,cy,2017-03-10,NA
NA,NA,NA,NA,cy,2017-03-10,NA
NA,NA,NA,NA,cy,2017-03-10,NA
NA,NA,NA,NA,cy,2017-03-10,NA
NA,NA,NA,NA,cy,2017-03-10,NA
NA,NA,NA,NA,cy,2017-03-10,NA
NA,NA,NA,NA,cy,2017-03-10,NA
NA,NA,NA,NA,cy,2017-03-10,NA
NA,NA,NA,NA,cy,2017-03-10,NA
NA,NA,NA,NA,cy,2017-03-10,NA
NA,NA,NA,NA,cy,2017-03-10,NA
NA,NA,NA,NA,cy,2017-03-10,NA
NA,NA,NA,NA,cy,2017-03-10,NA
NA,NA,NA,NA,cy,2017-03-10,NA
NA,NA,NA,NA,cy,2017-03-10,NA
NA,NA,NA,NA,cy,2017-03-10,NA
NA,NA,NA,NA,cy,2017-03-10,NA
NA,NA,NA,NA,cy,2017-03-10,NA
NA,NA,NA,NA,cy,2017-03-10,NA
NA,NA,NA,NA,cy,2017-03-10,NA
NA,NA,NA,NA,cy,2017-03-10,NA
NA,NA,NA,NA,cy,2017-03-10,NA
NA,NA,NA,NA,cy,2017-03-10,NA
NA,NA,NA,NA,cy,2017-03-10,NA
NA,NA,NA,NA,cy,2017-03-10,NA
NA,NA,NA,NA,cy,2017-03-10,NA
NA,NA,NA,NA,cy,2017-03-10,NA
NA,NA,NA,NA,cy,2017-03-10,NA
NA,NA,NA,NA,cy,2017-03-10,NA
NA,NA,NA,NA,cy,2017-03-10,NA
NA,NA,NA,NA,cy,2017-03-10,NA
NA,NA,NA,NA,cy,2017-03-10,NA
NA,NA,NA,NA,cy,2017-03-10,NA
NA,NA,NA,NA,cy,2017-03-10,NA
NA,NA,NA,NA,cy,2017-03-10,NA
NA,NA,NA,NA,cy,2017-03-10,NA
NA,NA,NA,NA,cy,2017-03-10,NA
NA,NA,NA,NA,cy,2017-03-10,NA
NA,NA,NA,NA,cy,2017-03-10,NA
NA,NA,NA,NA,cy,2017-03-10,NA
NA,NA,NA,NA,cy,2017-03-10,NA
NA,NA,NA,NA,cy,2017-03-10,NA
NA,NA,NA,NA,cy,2017-03-10,NA
NA,NA,NA,NA,cy,2017-03-10,NA
NA,NA,NA,NA,cy,2017-03-10,NA
NA,NA,NA,NA,cy,2017-03-10,NA
NA,NA,NA,NA,cy,2017-03-10,NA
NA,NA,NA,NA,cy,2017-03-10,NA
NA,NA,NA,NA,cy,2017-03-10,NA
NA,NA,NA,NA,cy,2017-03-10,NA
NA,NA,NA,NA,cy,2017-03-10,NA
NA,NA,NA,NA,cy,2017-03-10,NA
NA,NA,NA,NA,cy,2017-03-10,NA
NA,NA,NA,NA,cy,2017-03-10,NA
NA,NA,NA,NA,cy,2017-03-10,NA
NA,NA,NA,NA,cy,2017-03-10,NA
NA,NA,NA,NA,cy,2017-03-10,NA
NA,NA,NA,NA,cy,2017-03-10,NA
NA,NA,NA,NA,cy,2017-03-10,NA
NA,NA,NA,NA,cy,2017-03-10,NA
NA,NA,NA,NA,cy,2017-03-10,NA
NA,NA,NA,NA,cy,2017-03-10,NA
NA,NA,NA,NA,cy,2017-03-10,NA
NA,NA,NA,NA,cy,2017-03-10,NA
NA,NA,NA,NA,cy,2017-03-10,NA
NA,NA,NA,NA,cy,2017-03-10,NA
NA,NA,NA,NA,cy,2017-03-10,NA
NA,NA,NA,NA,cy,2017-03-10,NA
NA,NA,NA,NA,cy,2017-03-10,NA
NA,NA,NA,NA,cy,2017-03-10,NA
NA,NA,NA,NA,cy,2017-03-10,NA
NA,NA,NA,NA,cy,2017-03-10,NA
NA,NA,NA,NA,cy,2017-03-10,NA
NA,NA,NA,NA,cy,2017-03-10,NA
NA,NA,NA,NA,cy,2017-03-10,NA
NA,NA,NA,NA,cy,2017-03-10,NA
NA,NA,NA,NA,cy,2017-03-10,NA
NA,NA,NA,NA,cy,2017-03-10,NA
NA,NA,NA,NA,cy,2017-03-10,NA
NA,NA,NA,NA,cy,2017-03-10,NA
NA,NA,NA,NA,cy,2017-03-10,NA
NA,NA,NA,NA,cy,2017-03-10,NA
NA,NA,NA,NA,cy,2017-03-10,NA
NA,NA,NA,NA,cy,2017-03-10,NA
NA,NA,NA,NA,cy,2017-03-10,NA
NA,NA,NA,NA,cy,2017-03-10,NA
NA,NA,NA,NA,cy,2017-03-10,NA
NA,NA,NA,NA,cy,2017-03-10,NA
NA,NA,NA,NA,cy,2017-03-10,NA
NA,NA,NA,NA,cy,2017-03-10,NA
NA,NA,NA,NA,cy,2017-03-10,NA
NA,NA,NA,NA,cy,2017-03-10,NA
NA,NA,NA,NA,cy,2017-03-10,NA
NA,NA,NA,NA,cy,2017-03-10,NA
NA,NA,NA,NA,cy,2017-03-10,NA
NA,NA,NA,NA,cy,2017-03-10,NA
NA,NA,NA,NA,cy,2017-03-10,NA
NA,NA,NA,NA,cy,2017-03-10,NA
NA,NA,NA,NA,cy,2017-03-10,NA
NA,NA,NA,NA,cy,2017-03-10,NA
NA,NA,NA,NA,cy,2017-03-10,NA
NA,NA,NA,NA,cy,2017-03-10,NA
NA,NA,NA,NA,cy,2017-03-10,NA
NA,NA,NA,NA,cy,2017-03-10,NA
NA,NA,NA,NA,cy,2017-03-10,NA
NA,NA,NA,NA,cy,2017-03-10,NA
NA,NA,NA,NA,cy,2017-03-10,NA
NA,NA,NA,NA,cy,2017-03-10,NA
NA,NA,NA,NA,cy,2017-03-10,NA
NA,NA,NA,NA,cy,2017-03-10,NA
NA,NA,NA,NA,cy,2017-03-10,NA
NA,NA,NA,NA,cy,2017-03-10,NA
NA,NA,NA,NA,cy,2017-03-10,NA
NA,NA,NA,NA,cy,2017-03-10,NA
NA,NA,NA,NA,cy,2017-03-10,NA
NA,NA,NA,NA,cy,2017-03-10,NA
NA,NA,NA,NA,cy,2017-03-10,NA
NA,NA,NA,NA,cy,2017-03-10,NA
NA,NA,NA,NA,cy,2017-03-10,NA
NA,NA,NA,NA,cy,2017-03-10,NA
NA,NA,NA,NA,cy,2017-03-10,NA
NA,NA,NA,NA,cy,2017-03-10,NA
NA,NA,NA,NA,cy,2017-03-10,NA
NA,NA,NA,NA,cy,2017-03-10,NA
NA,NA,NA,NA,cy,2017-03-10,NA
NA,NA,NA,NA,cy,2017-03-10,NA
NA,NA,NA,NA,cy,2017-03-10,NA
NA,NA,NA,NA,cy,2017-03-10,NA
NA,NA,NA,NA,cy,2017-03-10,NA
NA,NA,NA,NA,cy,2017-03-10,NA
NA,NA,NA,NA,cy,2017-03-10,NA
NA,NA,NA,NA,cy,2017-03-10,NA
NA,NA,NA,NA,cy,2017-03-10,NA
NA,NA,NA,NA,cy,2017-03-10,NA
NA,NA,NA,NA,cy,2017-03-10,NA
NA,NA,NA,NA,cy,2017-03-10,NA
NA,NA,NA,NA,cy,2017-03-10,NA
NA,NA,NA,NA,cy,2017-03-10,NA
NA,NA,NA,NA,cy,2017-03-10,NA
NA,NA,NA,NA,cy,2017-03-10,NA
NA,NA,NA,NA,cy,2017-03-10,NA
NA,NA,NA,NA,cy,2017-03-10,NA
NA,NA,NA,NA,cy,2017-03-10,NA
NA,NA,NA,NA,cy,2017-03-10,NA
NA,NA,NA,NA,cy,2017-03-10,NA
NA,NA,NA,NA,cy,2017-03-10,NA
NA,NA,NA,NA,cy,2017-03-10,NA
NA,NA,NA,NA,cy,2017-03-10,NA
NA,NA,NA,NA,cy,2017-03-10,NA
NA,NA,NA,NA,cy,2017-03-10,NA
NA,NA,NA,NA,cy,2017-03-10,NA
NA,NA,NA,NA,cy,2017-03-10,NA
NA,NA,NA,NA,cy,2017-03-10,NA
NA,NA,NA,NA,cy,2017-03-10,NA
NA,NA,NA,NA,cy,2017-03-10,NA
NA,NA,NA,NA,cy,2017-03-10,NA
NA,NA,NA,NA,cy,2017-03-10,NA
NA,NA,NA,NA,cy,2017-03-10,NA
NA,NA,NA,NA,cy,2017-03-10,NA
NA,NA,NA,NA,cy,2017-03-10,NA
NA,NA,NA,NA,cy,2017-03-10,NA
NA,NA,NA,NA,cy,2017-03-10,NA
position,track name,artist,streams,region,date,spotify_id
NA,NA,NA,NA,cy,2017-03-17,NA
NA,NA,NA,NA,cy,2017-03-17,NA
NA,NA,NA,NA,cy,2017-03-17,NA
NA,NA,NA,NA,cy,2017-03-17,NA
NA,NA,NA,NA,cy,2017-03-17,NA
NA,NA,NA,NA,cy,2017-03-17,NA
NA,NA,NA,NA,cy,2017-03-17,NA
NA,NA,NA,NA,cy,2017-03-17,NA
NA,NA,NA,NA,cy,2017-03-17,NA
NA,NA,NA,NA,cy,2017-03-17,NA
NA,NA,NA,NA,cy,2017-03-17,NA
NA,NA,NA,NA,cy,2017-03-17,NA
NA,NA,NA,NA,cy,2017-03-17,NA
NA,NA,NA,NA,cy,2017-03-17,NA
NA,NA,NA,NA,cy,2017-03-17,NA
NA,NA,NA,NA,cy,2017-03-17,NA
NA,NA,NA,NA,cy,2017-03-17,NA
NA,NA,NA,NA,cy,2017-03-17,NA
NA,NA,NA,NA,cy,2017-03-17,NA
NA,NA,NA,NA,cy,2017-03-17,NA
NA,NA,NA,NA,cy,2017-03-17,NA
NA,NA,NA,NA,cy,2017-03-17,NA
NA,NA,NA,NA,cy,2017-03-17,NA
NA,NA,NA,NA,cy,2017-03-17,NA
NA,NA,NA,NA,cy,2017-03-17,NA
NA,NA,NA,NA,cy,2017-03-17,NA
NA,NA,NA,NA,cy,2017-03-17,NA
NA,NA,NA,NA,cy,2017-03-17,NA
NA,NA,NA,NA,cy,2017-03-17,NA
NA,NA,NA,NA,cy,2017-03-17,NA
NA,NA,NA,NA,cy,2017-03-17,NA
NA,NA,NA,NA,cy,2017-03-17,NA
NA,NA,NA,NA,cy,2017-03-17,NA
NA,NA,NA,NA,cy,2017-03-17,NA
NA,NA,NA,NA,cy,2017-03-17,NA
NA,NA,NA,NA,cy,2017-03-17,NA
NA,NA,NA,NA,cy,2017-03-17,NA
NA,NA,NA,NA,cy,2017-03-17,NA
NA,NA,NA,NA,cy,2017-03-17,NA
NA,NA,NA,NA,cy,2017-03-17,NA
NA,NA,NA,NA,cy,2017-03-17,NA
NA,NA,NA,NA,cy,2017-03-17,NA
NA,NA,NA,NA,cy,2017-03-17,NA
NA,NA,NA,NA,cy,2017-03-17,NA
NA,NA,NA,NA,cy,2017-03-17,NA
NA,NA,NA,NA,cy,2017-03-17,NA
NA,NA,NA,NA,cy,2017-03-17,NA
NA,NA,NA,NA,cy,2017-03-17,NA
NA,NA,NA,NA,cy,2017-03-17,NA
NA,NA,NA,NA,cy,2017-03-17,NA
NA,NA,NA,NA,cy,2017-03-17,NA
NA,NA,NA,NA,cy,2017-03-17,NA
NA,NA,NA,NA,cy,2017-03-17,NA
NA,NA,NA,NA,cy,2017-03-17,NA
NA,NA,NA,NA,cy,2017-03-17,NA
NA,NA,NA,NA,cy,2017-03-17,NA
NA,NA,NA,NA,cy,2017-03-17,NA
NA,NA,NA,NA,cy,2017-03-17,NA
NA,NA,NA,NA,cy,2017-03-17,NA
NA,NA,NA,NA,cy,2017-03-17,NA
NA,NA,NA,NA,cy,2017-03-17,NA
NA,NA,NA,NA,cy,2017-03-17,NA
NA,NA,NA,NA,cy,2017-03-17,NA
NA,NA,NA,NA,cy,2017-03-17,NA
NA,NA,NA,NA,cy,2017-03-17,NA
NA,NA,NA,NA,cy,2017-03-17,NA
NA,NA,NA,NA,cy,2017-03-17,NA
NA,NA,NA,NA,cy,2017-03-17,NA
NA,NA,NA,NA,cy,2017-03-17,NA
NA,NA,NA,NA,cy,2017-03-17,NA
NA,NA,NA,NA,cy,2017-03-17,NA
NA,NA,NA,NA,cy,2017-03-17,NA
NA,NA,NA,NA,cy,2017-03-17,NA
NA,NA,NA,NA,cy,2017-03-17,NA
NA,NA,NA,NA,cy,2017-03-17,NA
NA,NA,NA,NA,cy,2017-03-17,NA
NA,NA,NA,NA,cy,2017-03-17,NA
NA,NA,NA,NA,cy,2017-03-17,NA
NA,NA,NA,NA,cy,2017-03-17,NA
NA,NA,NA,NA,cy,2017-03-17,NA
NA,NA,NA,NA,cy,2017-03-17,NA
NA,NA,NA,NA,cy,2017-03-17,NA
NA,NA,NA,NA,cy,2017-03-17,NA
NA,NA,NA,NA,cy,2017-03-17,NA
NA,NA,NA,NA,cy,2017-03-17,NA
NA,NA,NA,NA,cy,2017-03-17,NA
NA,NA,NA,NA,cy,2017-03-17,NA
NA,NA,NA,NA,cy,2017-03-17,NA
NA,NA,NA,NA,cy,2017-03-17,NA
NA,NA,NA,NA,cy,2017-03-17,NA
NA,NA,NA,NA,cy,2017-03-17,NA
NA,NA,NA,NA,cy,2017-03-17,NA
NA,NA,NA,NA,cy,2017-03-17,NA
NA,NA,NA,NA,cy,2017-03-17,NA
NA,NA,NA,NA,cy,2017-03-17,NA
NA,NA,NA,NA,cy,2017-03-17,NA
NA,NA,NA,NA,cy,2017-03-17,NA
NA,NA,NA,NA,cy,2017-03-17,NA
NA,NA,NA,NA,cy,2017-03-17,NA
NA,NA,NA,NA,cy,2017-03-17,NA
NA,NA,NA,NA,cy,2017-03-17,NA
NA,NA,NA,NA,cy,2017-03-17,NA
NA,NA,NA,NA,cy,2017-03-17,NA
NA,NA,NA,NA,cy,2017-03-17,NA
NA,NA,NA,NA,cy,2017-03-17,NA
NA,NA,NA,NA,cy,2017-03-17,NA
NA,NA,NA,NA,cy,2017-03-17,NA
NA,NA,NA,NA,cy,2017-03-17,NA
NA,NA,NA,NA,cy,2017-03-17,NA
NA,NA,NA,NA,cy,2017-03-17,NA
NA,NA,NA,NA,cy,2017-03-17,NA
NA,NA,NA,NA,cy,2017-03-17,NA
NA,NA,NA,NA,cy,2017-03-17,NA
NA,NA,NA,NA,cy,2017-03-17,NA
NA,NA,NA,NA,cy,2017-03-17,NA
NA,NA,NA,NA,cy,2017-03-17,NA
NA,NA,NA,NA,cy,2017-03-17,NA
NA,NA,NA,NA,cy,2017-03-17,NA
NA,NA,NA,NA,cy,2017-03-17,NA
NA,NA,NA,NA,cy,2017-03-17,NA
NA,NA,NA,NA,cy,2017-03-17,NA
NA,NA,NA,NA,cy,2017-03-17,NA
NA,NA,NA,NA,cy,2017-03-17,NA
NA,NA,NA,NA,cy,2017-03-17,NA
NA,NA,NA,NA,cy,2017-03-17,NA
NA,NA,NA,NA,cy,2017-03-17,NA
NA,NA,NA,NA,cy,2017-03-17,NA
NA,NA,NA,NA,cy,2017-03-17,NA
NA,NA,NA,NA,cy,2017-03-17,NA
NA,NA,NA,NA,cy,2017-03-17,NA
NA,NA,NA,NA,cy,2017-03-17,NA
NA,NA,NA,NA,cy,2017-03-17,NA
NA,NA,NA,NA,cy,2017-03-17,NA
NA,NA,NA,NA,cy,2017-03-17,NA
NA,NA,NA,NA,cy,2017-03-17,NA
NA,NA,NA,NA,cy,2017-03-17,NA
NA,NA,NA,NA,cy,2017-03-17,NA
NA,NA,NA,NA,cy,2017-03-17,NA
NA,NA,NA,NA,cy,2017-03-17,NA
NA,NA,NA,NA,cy,2017-03-17,NA
NA,NA,NA,NA,cy,2017-03-17,NA
NA,NA,NA,NA,cy,2017-03-17,NA
NA,NA,NA,NA,cy,2017-03-17,NA
NA,NA,NA,NA,cy,2017-03-17,NA
NA,NA,NA,NA,cy,2017-03-17,NA
NA,NA,NA,NA,cy,2017-03-17,NA
NA,NA,NA,NA,cy,2017-03-17,NA
NA,NA,NA,NA,cy,2017-03-17,NA
NA,NA,NA,NA,cy,2017-03-17,NA
NA,NA,NA,NA,cy,2017-03-17,NA
NA,NA,NA,NA,cy,2017-03-17,NA
NA,NA,NA,NA,cy,2017-03-17,NA
NA,NA,NA,NA,cy,2017-03-17,NA
NA,NA,NA,NA,cy,2017-03-17,NA
NA,NA,NA,NA,cy,2017-03-17,NA
NA,NA,NA,NA,cy,2017-03-17,NA
NA,NA,NA,NA,cy,2017-03-17,NA
NA,NA,NA,NA,cy,2017-03-17,NA
NA,NA,NA,NA,cy,2017-03-17,NA
NA,NA,NA,NA,cy,2017-03-17,NA
NA,NA,NA,NA,cy,2017-03-17,NA
NA,NA,NA,NA,cy,2017-03-17,NA
NA,NA,NA,NA,cy,2017-03-17,NA
NA,NA,NA,NA,cy,2017-03-17,NA
NA,NA,NA,NA,cy,2017-03-17,NA
NA,NA,NA,NA,cy,2017-03-17,NA
NA,NA,NA,NA,cy,2017-03-17,NA
NA,NA,NA,NA,cy,2017-03-17,NA
NA,NA,NA,NA,cy,2017-03-17,NA
NA,NA,NA,NA,cy,2017-03-17,NA
NA,NA,NA,NA,cy,2017-03-17,NA
NA,NA,NA,NA,cy,2017-03-17,NA
NA,NA,NA,NA,cy,2017-03-17,NA
NA,NA,NA,NA,cy,2017-03-17,NA
NA,NA,NA,NA,cy,2017-03-17,NA
NA,NA,NA,NA,cy,2017-03-17,NA
NA,NA,NA,NA,cy,2017-03-17,NA
NA,NA,NA,NA,cy,2017-03-17,NA
NA,NA,NA,NA,cy,2017-03-17,NA
NA,NA,NA,NA,cy,2017-03-17,NA
NA,NA,NA,NA,cy,2017-03-17,NA
NA,NA,NA,NA,cy,2017-03-17,NA
NA,NA,NA,NA,cy,2017-03-17,NA
NA,NA,NA,NA,cy,2017-03-17,NA
NA,NA,NA,NA,cy,2017-03-17,NA
NA,NA,NA,NA,cy,2017-03-17,NA
NA,NA,NA,NA,cy,2017-03-17,NA
NA,NA,NA,NA,cy,2017-03-17,NA
NA,NA,NA,NA,cy,2017-03-17,NA
NA,NA,NA,NA,cy,2017-03-17,NA
NA,NA,NA,NA,cy,2017-03-17,NA
NA,NA,NA,NA,cy,2017-03-17,NA
NA,NA,NA,NA,cy,2017-03-17,NA
NA,NA,NA,NA,cy,2017-03-17,NA
NA,NA,NA,NA,cy,2017-03-17,NA
NA,NA,NA,NA,cy,2017-03-17,NA
NA,NA,NA,NA,cy,2017-03-17,NA
NA,NA,NA,NA,cy,2017-03-17,NA
NA,NA,NA,NA,cy,2017-03-17,NA
NA,NA,NA,NA,cy,2017-03-17,NA
position,track name,artist,streams,region,date,spotify_id
NA,NA,NA,NA,cy,2017-03-24,NA
NA,NA,NA,NA,cy,2017-03-24,NA
NA,NA,NA,NA,cy,2017-03-24,NA
NA,NA,NA,NA,cy,2017-03-24,NA
NA,NA,NA,NA,cy,2017-03-24,NA
NA,NA,NA,NA,cy,2017-03-24,NA
NA,NA,NA,NA,cy,2017-03-24,NA
NA,NA,NA,NA,cy,2017-03-24,NA
NA,NA,NA,NA,cy,2017-03-24,NA
NA,NA,NA,NA,cy,2017-03-24,NA
NA,NA,NA,NA,cy,2017-03-24,NA
NA,NA,NA,NA,cy,2017-03-24,NA
NA,NA,NA,NA,cy,2017-03-24,NA
NA,NA,NA,NA,cy,2017-03-24,NA
NA,NA,NA,NA,cy,2017-03-24,NA
NA,NA,NA,NA,cy,2017-03-24,NA
NA,NA,NA,NA,cy,2017-03-24,NA
NA,NA,NA,NA,cy,2017-03-24,NA
NA,NA,NA,NA,cy,2017-03-24,NA
NA,NA,NA,NA,cy,2017-03-24,NA
NA,NA,NA,NA,cy,2017-03-24,NA
NA,NA,NA,NA,cy,2017-03-24,NA
NA,NA,NA,NA,cy,2017-03-24,NA
NA,NA,NA,NA,cy,2017-03-24,NA
NA,NA,NA,NA,cy,2017-03-24,NA
NA,NA,NA,NA,cy,2017-03-24,NA
NA,NA,NA,NA,cy,2017-03-24,NA
NA,NA,NA,NA,cy,2017-03-24,NA
NA,NA,NA,NA,cy,2017-03-24,NA
NA,NA,NA,NA,cy,2017-03-24,NA
NA,NA,NA,NA,cy,2017-03-24,NA
NA,NA,NA,NA,cy,2017-03-24,NA
NA,NA,NA,NA,cy,2017-03-24,NA
NA,NA,NA,NA,cy,2017-03-24,NA
NA,NA,NA,NA,cy,2017-03-24,NA
NA,NA,NA,NA,cy,2017-03-24,NA
NA,NA,NA,NA,cy,2017-03-24,NA
NA,NA,NA,NA,cy,2017-03-24,NA
NA,NA,NA,NA,cy,2017-03-24,NA
NA,NA,NA,NA,cy,2017-03-24,NA
NA,NA,NA,NA,cy,2017-03-24,NA
NA,NA,NA,NA,cy,2017-03-24,NA
NA,NA,NA,NA,cy,2017-03-24,NA
NA,NA,NA,NA,cy,2017-03-24,NA
NA,NA,NA,NA,cy,2017-03-24,NA
NA,NA,NA,NA,cy,2017-03-24,NA
NA,NA,NA,NA,cy,2017-03-24,NA
NA,NA,NA,NA,cy,2017-03-24,NA
NA,NA,NA,NA,cy,2017-03-24,NA
NA,NA,NA,NA,cy,2017-03-24,NA
NA,NA,NA,NA,cy,2017-03-24,NA
NA,NA,NA,NA,cy,2017-03-24,NA
NA,NA,NA,NA,cy,2017-03-24,NA
NA,NA,NA,NA,cy,2017-03-24,NA
NA,NA,NA,NA,cy,2017-03-24,NA
NA,NA,NA,NA,cy,2017-03-24,NA
NA,NA,NA,NA,cy,2017-03-24,NA
NA,NA,NA,NA,cy,2017-03-24,NA
NA,NA,NA,NA,cy,2017-03-24,NA
NA,NA,NA,NA,cy,2017-03-24,NA
NA,NA,NA,NA,cy,2017-03-24,NA
NA,NA,NA,NA,cy,2017-03-24,NA
NA,NA,NA,NA,cy,2017-03-24,NA
NA,NA,NA,NA,cy,2017-03-24,NA
NA,NA,NA,NA,cy,2017-03-24,NA
NA,NA,NA,NA,cy,2017-03-24,NA
NA,NA,NA,NA,cy,2017-03-24,NA
NA,NA,NA,NA,cy,2017-03-24,NA
NA,NA,NA,NA,cy,2017-03-24,NA
NA,NA,NA,NA,cy,2017-03-24,NA
NA,NA,NA,NA,cy,2017-03-24,NA
NA,NA,NA,NA,cy,2017-03-24,NA
NA,NA,NA,NA,cy,2017-03-24,NA
NA,NA,NA,NA,cy,2017-03-24,NA
NA,NA,NA,NA,cy,2017-03-24,NA
NA,NA,NA,NA,cy,2017-03-24,NA
NA,NA,NA,NA,cy,2017-03-24,NA
NA,NA,NA,NA,cy,2017-03-24,NA
NA,NA,NA,NA,cy,2017-03-24,NA
NA,NA,NA,NA,cy,2017-03-24,NA
NA,NA,NA,NA,cy,2017-03-24,NA
NA,NA,NA,NA,cy,2017-03-24,NA
NA,NA,NA,NA,cy,2017-03-24,NA
NA,NA,NA,NA,cy,2017-03-24,NA
NA,NA,NA,NA,cy,2017-03-24,NA
NA,NA,NA,NA,cy,2017-03-24,NA
NA,NA,NA,NA,cy,2017-03-24,NA
NA,NA,NA,NA,cy,2017-03-24,NA
NA,NA,NA,NA,cy,2017-03-24,NA
NA,NA,NA,NA,cy,2017-03-24,NA
NA,NA,NA,NA,cy,2017-03-24,NA
NA,NA,NA,NA,cy,2017-03-24,NA
NA,NA,NA,NA,cy,2017-03-24,NA
NA,NA,NA,NA,cy,2017-03-24,NA
NA,NA,NA,NA,cy,2017-03-24,NA
NA,NA,NA,NA,cy,2017-03-24,NA
NA,NA,NA,NA,cy,2017-03-24,NA
NA,NA,NA,NA,cy,2017-03-24,NA
NA,NA,NA,NA,cy,2017-03-24,NA
NA,NA,NA,NA,cy,2017-03-24,NA
NA,NA,NA,NA,cy,2017-03-24,NA
NA,NA,NA,NA,cy,2017-03-24,NA
NA,NA,NA,NA,cy,2017-03-24,NA
NA,NA,NA,NA,cy,2017-03-24,NA
NA,NA,NA,NA,cy,2017-03-24,NA
NA,NA,NA,NA,cy,2017-03-24,NA
NA,NA,NA,NA,cy,2017-03-24,NA
NA,NA,NA,NA,cy,2017-03-24,NA
NA,NA,NA,NA,cy,2017-03-24,NA
NA,NA,NA,NA,cy,2017-03-24,NA
NA,NA,NA,NA,cy,2017-03-24,NA
NA,NA,NA,NA,cy,2017-03-24,NA
NA,NA,NA,NA,cy,2017-03-24,NA
NA,NA,NA,NA,cy,2017-03-24,NA
NA,NA,NA,NA,cy,2017-03-24,NA
NA,NA,NA,NA,cy,2017-03-24,NA
NA,NA,NA,NA,cy,2017-03-24,NA
NA,NA,NA,NA,cy,2017-03-24,NA
NA,NA,NA,NA,cy,2017-03-24,NA
NA,NA,NA,NA,cy,2017-03-24,NA
NA,NA,NA,NA,cy,2017-03-24,NA
NA,NA,NA,NA,cy,2017-03-24,NA
NA,NA,NA,NA,cy,2017-03-24,NA
NA,NA,NA,NA,cy,2017-03-24,NA
NA,NA,NA,NA,cy,2017-03-24,NA
NA,NA,NA,NA,cy,2017-03-24,NA
NA,NA,NA,NA,cy,2017-03-24,NA
NA,NA,NA,NA,cy,2017-03-24,NA
NA,NA,NA,NA,cy,2017-03-24,NA
NA,NA,NA,NA,cy,2017-03-24,NA
NA,NA,NA,NA,cy,2017-03-24,NA
NA,NA,NA,NA,cy,2017-03-24,NA
NA,NA,NA,NA,cy,2017-03-24,NA
NA,NA,NA,NA,cy,2017-03-24,NA
NA,NA,NA,NA,cy,2017-03-24,NA
NA,NA,NA,NA,cy,2017-03-24,NA
NA,NA,NA,NA,cy,2017-03-24,NA
NA,NA,NA,NA,cy,2017-03-24,NA
NA,NA,NA,NA,cy,2017-03-24,NA
NA,NA,NA,NA,cy,2017-03-24,NA
NA,NA,NA,NA,cy,2017-03-24,NA
NA,NA,NA,NA,cy,2017-03-24,NA
NA,NA,NA,NA,cy,2017-03-24,NA
NA,NA,NA,NA,cy,2017-03-24,NA
NA,NA,NA,NA,cy,2017-03-24,NA
NA,NA,NA,NA,cy,2017-03-24,NA
NA,NA,NA,NA,cy,2017-03-24,NA
NA,NA,NA,NA,cy,2017-03-24,NA
NA,NA,NA,NA,cy,2017-03-24,NA
NA,NA,NA,NA,cy,2017-03-24,NA
NA,NA,NA,NA,cy,2017-03-24,NA
NA,NA,NA,NA,cy,2017-03-24,NA
NA,NA,NA,NA,cy,2017-03-24,NA
NA,NA,NA,NA,cy,2017-03-24,NA
NA,NA,NA,NA,cy,2017-03-24,NA
NA,NA,NA,NA,cy,2017-03-24,NA
NA,NA,NA,NA,cy,2017-03-24,NA
NA,NA,NA,NA,cy,2017-03-24,NA
NA,NA,NA,NA,cy,2017-03-24,NA
NA,NA,NA,NA,cy,2017-03-24,NA
NA,NA,NA,NA,cy,2017-03-24,NA
NA,NA,NA,NA,cy,2017-03-24,NA
NA,NA,NA,NA,cy,2017-03-24,NA
NA,NA,NA,NA,cy,2017-03-24,NA
NA,NA,NA,NA,cy,2017-03-24,NA
NA,NA,NA,NA,cy,2017-03-24,NA
NA,NA,NA,NA,cy,2017-03-24,NA
NA,NA,NA,NA,cy,2017-03-24,NA
NA,NA,NA,NA,cy,2017-03-24,NA
NA,NA,NA,NA,cy,2017-03-24,NA
NA,NA,NA,NA,cy,2017-03-24,NA
NA,NA,NA,NA,cy,2017-03-24,NA
NA,NA,NA,NA,cy,2017-03-24,NA
NA,NA,NA,NA,cy,2017-03-24,NA
NA,NA,NA,NA,cy,2017-03-24,NA
NA,NA,NA,NA,cy,2017-03-24,NA
NA,NA,NA,NA,cy,2017-03-24,NA
NA,NA,NA,NA,cy,2017-03-24,NA
NA,NA,NA,NA,cy,2017-03-24,NA
NA,NA,NA,NA,cy,2017-03-24,NA
NA,NA,NA,NA,cy,2017-03-24,NA
NA,NA,NA,NA,cy,2017-03-24,NA
NA,NA,NA,NA,cy,2017-03-24,NA
NA,NA,NA,NA,cy,2017-03-24,NA
NA,NA,NA,NA,cy,2017-03-24,NA
NA,NA,NA,NA,cy,2017-03-24,NA
NA,NA,NA,NA,cy,2017-03-24,NA
NA,NA,NA,NA,cy,2017-03-24,NA
NA,NA,NA,NA,cy,2017-03-24,NA
NA,NA,NA,NA,cy,2017-03-24,NA
NA,NA,NA,NA,cy,2017-03-24,NA
NA,NA,NA,NA,cy,2017-03-24,NA
NA,NA,NA,NA,cy,2017-03-24,NA
NA,NA,NA,NA,cy,2017-03-24,NA
NA,NA,NA,NA,cy,2017-03-24,NA
NA,NA,NA,NA,cy,2017-03-24,NA
NA,NA,NA,NA,cy,2017-03-24,NA
NA,NA,NA,NA,cy,2017-03-24,NA
NA,NA,NA,NA,cy,2017-03-24,NA
NA,NA,NA,NA,cy,2017-03-24,NA
position,track name,artist,streams,region,date,spotify_id
NA,NA,NA,NA,cy,2017-03-31,NA
NA,NA,NA,NA,cy,2017-03-31,NA
NA,NA,NA,NA,cy,2017-03-31,NA
NA,NA,NA,NA,cy,2017-03-31,NA
NA,NA,NA,NA,cy,2017-03-31,NA
NA,NA,NA,NA,cy,2017-03-31,NA
NA,NA,NA,NA,cy,2017-03-31,NA
NA,NA,NA,NA,cy,2017-03-31,NA
NA,NA,NA,NA,cy,2017-03-31,NA
NA,NA,NA,NA,cy,2017-03-31,NA
NA,NA,NA,NA,cy,2017-03-31,NA
NA,NA,NA,NA,cy,2017-03-31,NA
NA,NA,NA,NA,cy,2017-03-31,NA
NA,NA,NA,NA,cy,2017-03-31,NA
NA,NA,NA,NA,cy,2017-03-31,NA
NA,NA,NA,NA,cy,2017-03-31,NA
NA,NA,NA,NA,cy,2017-03-31,NA
NA,NA,NA,NA,cy,2017-03-31,NA
NA,NA,NA,NA,cy,2017-03-31,NA
NA,NA,NA,NA,cy,2017-03-31,NA
NA,NA,NA,NA,cy,2017-03-31,NA
NA,NA,NA,NA,cy,2017-03-31,NA
NA,NA,NA,NA,cy,2017-03-31,NA
NA,NA,NA,NA,cy,2017-03-31,NA
NA,NA,NA,NA,cy,2017-03-31,NA
NA,NA,NA,NA,cy,2017-03-31,NA
NA,NA,NA,NA,cy,2017-03-31,NA
NA,NA,NA,NA,cy,2017-03-31,NA
NA,NA,NA,NA,cy,2017-03-31,NA
NA,NA,NA,NA,cy,2017-03-31,NA
NA,NA,NA,NA,cy,2017-03-31,NA
NA,NA,NA,NA,cy,2017-03-31,NA
NA,NA,NA,NA,cy,2017-03-31,NA
NA,NA,NA,NA,cy,2017-03-31,NA
NA,NA,NA,NA,cy,2017-03-31,NA
NA,NA,NA,NA,cy,2017-03-31,NA
NA,NA,NA,NA,cy,2017-03-31,NA
NA,NA,NA,NA,cy,2017-03-31,NA
NA,NA,NA,NA,cy,2017-03-31,NA
NA,NA,NA,NA,cy,2017-03-31,NA
NA,NA,NA,NA,cy,2017-03-31,NA
NA,NA,NA,NA,cy,2017-03-31,NA
NA,NA,NA,NA,cy,2017-03-31,NA
NA,NA,NA,NA,cy,2017-03-31,NA
NA,NA,NA,NA,cy,2017-03-31,NA
NA,NA,NA,NA,cy,2017-03-31,NA
NA,NA,NA,NA,cy,2017-03-31,NA
NA,NA,NA,NA,cy,2017-03-31,NA
NA,NA,NA,NA,cy,2017-03-31,NA
NA,NA,NA,NA,cy,2017-03-31,NA
NA,NA,NA,NA,cy,2017-03-31,NA
NA,NA,NA,NA,cy,2017-03-31,NA
NA,NA,NA,NA,cy,2017-03-31,NA
NA,NA,NA,NA,cy,2017-03-31,NA
NA,NA,NA,NA,cy,2017-03-31,NA
NA,NA,NA,NA,cy,2017-03-31,NA
NA,NA,NA,NA,cy,2017-03-31,NA
NA,NA,NA,NA,cy,2017-03-31,NA
NA,NA,NA,NA,cy,2017-03-31,NA
NA,NA,NA,NA,cy,2017-03-31,NA
NA,NA,NA,NA,cy,2017-03-31,NA
NA,NA,NA,NA,cy,2017-03-31,NA
NA,NA,NA,NA,cy,2017-03-31,NA
NA,NA,NA,NA,cy,2017-03-31,NA
NA,NA,NA,NA,cy,2017-03-31,NA
NA,NA,NA,NA,cy,2017-03-31,NA
NA,NA,NA,NA,cy,2017-03-31,NA
NA,NA,NA,NA,cy,2017-03-31,NA
NA,NA,NA,NA,cy,2017-03-31,NA
NA,NA,NA,NA,cy,2017-03-31,NA
NA,NA,NA,NA,cy,2017-03-31,NA
NA,NA,NA,NA,cy,2017-03-31,NA
NA,NA,NA,NA,cy,2017-03-31,NA
NA,NA,NA,NA,cy,2017-03-31,NA
NA,NA,NA,NA,cy,2017-03-31,NA
NA,NA,NA,NA,cy,2017-03-31,NA
NA,NA,NA,NA,cy,2017-03-31,NA
NA,NA,NA,NA,cy,2017-03-31,NA
NA,NA,NA,NA,cy,2017-03-31,NA
NA,NA,NA,NA,cy,2017-03-31,NA
NA,NA,NA,NA,cy,2017-03-31,NA
NA,NA,NA,NA,cy,2017-03-31,NA
NA,NA,NA,NA,cy,2017-03-31,NA
NA,NA,NA,NA,cy,2017-03-31,NA
NA,NA,NA,NA,cy,2017-03-31,NA
NA,NA,NA,NA,cy,2017-03-31,NA
NA,NA,NA,NA,cy,2017-03-31,NA
NA,NA,NA,NA,cy,2017-03-31,NA
NA,NA,NA,NA,cy,2017-03-31,NA
NA,NA,NA,NA,cy,2017-03-31,NA
NA,NA,NA,NA,cy,2017-03-31,NA
NA,NA,NA,NA,cy,2017-03-31,NA
NA,NA,NA,NA,cy,2017-03-31,NA
NA,NA,NA,NA,cy,2017-03-31,NA
NA,NA,NA,NA,cy,2017-03-31,NA
NA,NA,NA,NA,cy,2017-03-31,NA
NA,NA,NA,NA,cy,2017-03-31,NA
NA,NA,NA,NA,cy,2017-03-31,NA
NA,NA,NA,NA,cy,2017-03-31,NA
NA,NA,NA,NA,cy,2017-03-31,NA
NA,NA,NA,NA,cy,2017-03-31,NA
NA,NA,NA,NA,cy,2017-03-31,NA
NA,NA,NA,NA,cy,2017-03-31,NA
NA,NA,NA,NA,cy,2017-03-31,NA
NA,NA,NA,NA,cy,2017-03-31,NA
NA,NA,NA,NA,cy,2017-03-31,NA
NA,NA,NA,NA,cy,2017-03-31,NA
NA,NA,NA,NA,cy,2017-03-31,NA
NA,NA,NA,NA,cy,2017-03-31,NA
NA,NA,NA,NA,cy,2017-03-31,NA
NA,NA,NA,NA,cy,2017-03-31,NA
NA,NA,NA,NA,cy,2017-03-31,NA
NA,NA,NA,NA,cy,2017-03-31,NA
NA,NA,NA,NA,cy,2017-03-31,NA
NA,NA,NA,NA,cy,2017-03-31,NA
NA,NA,NA,NA,cy,2017-03-31,NA
NA,NA,NA,NA,cy,2017-03-31,NA
NA,NA,NA,NA,cy,2017-03-31,NA
NA,NA,NA,NA,cy,2017-03-31,NA
NA,NA,NA,NA,cy,2017-03-31,NA
NA,NA,NA,NA,cy,2017-03-31,NA
NA,NA,NA,NA,cy,2017-03-31,NA
NA,NA,NA,NA,cy,2017-03-31,NA
NA,NA,NA,NA,cy,2017-03-31,NA
NA,NA,NA,NA,cy,2017-03-31,NA
NA,NA,NA,NA,cy,2017-03-31,NA
NA,NA,NA,NA,cy,2017-03-31,NA
NA,NA,NA,NA,cy,2017-03-31,NA
NA,NA,NA,NA,cy,2017-03-31,NA
NA,NA,NA,NA,cy,2017-03-31,NA
NA,NA,NA,NA,cy,2017-03-31,NA
NA,NA,NA,NA,cy,2017-03-31,NA
NA,NA,NA,NA,cy,2017-03-31,NA
NA,NA,NA,NA,cy,2017-03-31,NA
NA,NA,NA,NA,cy,2017-03-31,NA
NA,NA,NA,NA,cy,2017-03-31,NA
NA,NA,NA,NA,cy,2017-03-31,NA
NA,NA,NA,NA,cy,2017-03-31,NA
NA,NA,NA,NA,cy,2017-03-31,NA
NA,NA,NA,NA,cy,2017-03-31,NA
NA,NA,NA,NA,cy,2017-03-31,NA
NA,NA,NA,NA,cy,2017-03-31,NA
NA,NA,NA,NA,cy,2017-03-31,NA
NA,NA,NA,NA,cy,2017-03-31,NA
NA,NA,NA,NA,cy,2017-03-31,NA
NA,NA,NA,NA,cy,2017-03-31,NA
NA,NA,NA,NA,cy,2017-03-31,NA
NA,NA,NA,NA,cy,2017-03-31,NA
NA,NA,NA,NA,cy,2017-03-31,NA
NA,NA,NA,NA,cy,2017-03-31,NA
NA,NA,NA,NA,cy,2017-03-31,NA
NA,NA,NA,NA,cy,2017-03-31,NA
NA,NA,NA,NA,cy,2017-03-31,NA
NA,NA,NA,NA,cy,2017-03-31,NA
NA,NA,NA,NA,cy,2017-03-31,NA
NA,NA,NA,NA,cy,2017-03-31,NA
NA,NA,NA,NA,cy,2017-03-31,NA
NA,NA,NA,NA,cy,2017-03-31,NA
NA,NA,NA,NA,cy,2017-03-31,NA
NA,NA,NA,NA,cy,2017-03-31,NA
NA,NA,NA,NA,cy,2017-03-31,NA
NA,NA,NA,NA,cy,2017-03-31,NA
NA,NA,NA,NA,cy,2017-03-31,NA
NA,NA,NA,NA,cy,2017-03-31,NA
NA,NA,NA,NA,cy,2017-03-31,NA
NA,NA,NA,NA,cy,2017-03-31,NA
NA,NA,NA,NA,cy,2017-03-31,NA
NA,NA,NA,NA,cy,2017-03-31,NA
NA,NA,NA,NA,cy,2017-03-31,NA
NA,NA,NA,NA,cy,2017-03-31,NA
NA,NA,NA,NA,cy,2017-03-31,NA
NA,NA,NA,NA,cy,2017-03-31,NA
NA,NA,NA,NA,cy,2017-03-31,NA
NA,NA,NA,NA,cy,2017-03-31,NA
NA,NA,NA,NA,cy,2017-03-31,NA
NA,NA,NA,NA,cy,2017-03-31,NA
NA,NA,NA,NA,cy,2017-03-31,NA
NA,NA,NA,NA,cy,2017-03-31,NA
NA,NA,NA,NA,cy,2017-03-31,NA
NA,NA,NA,NA,cy,2017-03-31,NA
NA,NA,NA,NA,cy,2017-03-31,NA
NA,NA,NA,NA,cy,2017-03-31,NA
NA,NA,NA,NA,cy,2017-03-31,NA
NA,NA,NA,NA,cy,2017-03-31,NA
NA,NA,NA,NA,cy,2017-03-31,NA
NA,NA,NA,NA,cy,2017-03-31,NA
NA,NA,NA,NA,cy,2017-03-31,NA
NA,NA,NA,NA,cy,2017-03-31,NA
NA,NA,NA,NA,cy,2017-03-31,NA
NA,NA,NA,NA,cy,2017-03-31,NA
NA,NA,NA,NA,cy,2017-03-31,NA
NA,NA,NA,NA,cy,2017-03-31,NA
NA,NA,NA,NA,cy,2017-03-31,NA
NA,NA,NA,NA,cy,2017-03-31,NA
NA,NA,NA,NA,cy,2017-03-31,NA
NA,NA,NA,NA,cy,2017-03-31,NA
NA,NA,NA,NA,cy,2017-03-31,NA
NA,NA,NA,NA,cy,2017-03-31,NA
NA,NA,NA,NA,cy,2017-03-31,NA
NA,NA,NA,NA,cy,2017-03-31,NA
position,track name,artist,streams,region,date,spotify_id
NA,NA,NA,NA,cy,2017-04-07,NA
NA,NA,NA,NA,cy,2017-04-07,NA
NA,NA,NA,NA,cy,2017-04-07,NA
NA,NA,NA,NA,cy,2017-04-07,NA
NA,NA,NA,NA,cy,2017-04-07,NA
NA,NA,NA,NA,cy,2017-04-07,NA
NA,NA,NA,NA,cy,2017-04-07,NA
NA,NA,NA,NA,cy,2017-04-07,NA
NA,NA,NA,NA,cy,2017-04-07,NA
NA,NA,NA,NA,cy,2017-04-07,NA
NA,NA,NA,NA,cy,2017-04-07,NA
NA,NA,NA,NA,cy,2017-04-07,NA
NA,NA,NA,NA,cy,2017-04-07,NA
NA,NA,NA,NA,cy,2017-04-07,NA
NA,NA,NA,NA,cy,2017-04-07,NA
NA,NA,NA,NA,cy,2017-04-07,NA
NA,NA,NA,NA,cy,2017-04-07,NA
NA,NA,NA,NA,cy,2017-04-07,NA
NA,NA,NA,NA,cy,2017-04-07,NA
NA,NA,NA,NA,cy,2017-04-07,NA
NA,NA,NA,NA,cy,2017-04-07,NA
NA,NA,NA,NA,cy,2017-04-07,NA
NA,NA,NA,NA,cy,2017-04-07,NA
NA,NA,NA,NA,cy,2017-04-07,NA
NA,NA,NA,NA,cy,2017-04-07,NA
NA,NA,NA,NA,cy,2017-04-07,NA
NA,NA,NA,NA,cy,2017-04-07,NA
NA,NA,NA,NA,cy,2017-04-07,NA
NA,NA,NA,NA,cy,2017-04-07,NA
NA,NA,NA,NA,cy,2017-04-07,NA
NA,NA,NA,NA,cy,2017-04-07,NA
NA,NA,NA,NA,cy,2017-04-07,NA
NA,NA,NA,NA,cy,2017-04-07,NA
NA,NA,NA,NA,cy,2017-04-07,NA
NA,NA,NA,NA,cy,2017-04-07,NA
NA,NA,NA,NA,cy,2017-04-07,NA
NA,NA,NA,NA,cy,2017-04-07,NA
NA,NA,NA,NA,cy,2017-04-07,NA
NA,NA,NA,NA,cy,2017-04-07,NA
NA,NA,NA,NA,cy,2017-04-07,NA
NA,NA,NA,NA,cy,2017-04-07,NA
NA,NA,NA,NA,cy,2017-04-07,NA
NA,NA,NA,NA,cy,2017-04-07,NA
NA,NA,NA,NA,cy,2017-04-07,NA
NA,NA,NA,NA,cy,2017-04-07,NA
NA,NA,NA,NA,cy,2017-04-07,NA
NA,NA,NA,NA,cy,2017-04-07,NA
NA,NA,NA,NA,cy,2017-04-07,NA
NA,NA,NA,NA,cy,2017-04-07,NA
NA,NA,NA,NA,cy,2017-04-07,NA
NA,NA,NA,NA,cy,2017-04-07,NA
NA,NA,NA,NA,cy,2017-04-07,NA
NA,NA,NA,NA,cy,2017-04-07,NA
NA,NA,NA,NA,cy,2017-04-07,NA
NA,NA,NA,NA,cy,2017-04-07,NA
NA,NA,NA,NA,cy,2017-04-07,NA
NA,NA,NA,NA,cy,2017-04-07,NA
NA,NA,NA,NA,cy,2017-04-07,NA
NA,NA,NA,NA,cy,2017-04-07,NA
NA,NA,NA,NA,cy,2017-04-07,NA
NA,NA,NA,NA,cy,2017-04-07,NA
NA,NA,NA,NA,cy,2017-04-07,NA
NA,NA,NA,NA,cy,2017-04-07,NA
NA,NA,NA,NA,cy,2017-04-07,NA
NA,NA,NA,NA,cy,2017-04-07,NA
NA,NA,NA,NA,cy,2017-04-07,NA
NA,NA,NA,NA,cy,2017-04-07,NA
NA,NA,NA,NA,cy,2017-04-07,NA
NA,NA,NA,NA,cy,2017-04-07,NA
NA,NA,NA,NA,cy,2017-04-07,NA
NA,NA,NA,NA,cy,2017-04-07,NA
NA,NA,NA,NA,cy,2017-04-07,NA
NA,NA,NA,NA,cy,2017-04-07,NA
NA,NA,NA,NA,cy,2017-04-07,NA
NA,NA,NA,NA,cy,2017-04-07,NA
NA,NA,NA,NA,cy,2017-04-07,NA
NA,NA,NA,NA,cy,2017-04-07,NA
NA,NA,NA,NA,cy,2017-04-07,NA
NA,NA,NA,NA,cy,2017-04-07,NA
NA,NA,NA,NA,cy,2017-04-07,NA
NA,NA,NA,NA,cy,2017-04-07,NA
NA,NA,NA,NA,cy,2017-04-07,NA
NA,NA,NA,NA,cy,2017-04-07,NA
NA,NA,NA,NA,cy,2017-04-07,NA
NA,NA,NA,NA,cy,2017-04-07,NA
NA,NA,NA,NA,cy,2017-04-07,NA
NA,NA,NA,NA,cy,2017-04-07,NA
NA,NA,NA,NA,cy,2017-04-07,NA
NA,NA,NA,NA,cy,2017-04-07,NA
NA,NA,NA,NA,cy,2017-04-07,NA
NA,NA,NA,NA,cy,2017-04-07,NA
NA,NA,NA,NA,cy,2017-04-07,NA
NA,NA,NA,NA,cy,2017-04-07,NA
NA,NA,NA,NA,cy,2017-04-07,NA
NA,NA,NA,NA,cy,2017-04-07,NA
NA,NA,NA,NA,cy,2017-04-07,NA
NA,NA,NA,NA,cy,2017-04-07,NA
NA,NA,NA,NA,cy,2017-04-07,NA
NA,NA,NA,NA,cy,2017-04-07,NA
NA,NA,NA,NA,cy,2017-04-07,NA
NA,NA,NA,NA,cy,2017-04-07,NA
NA,NA,NA,NA,cy,2017-04-07,NA
NA,NA,NA,NA,cy,2017-04-07,NA
NA,NA,NA,NA,cy,2017-04-07,NA
NA,NA,NA,NA,cy,2017-04-07,NA
NA,NA,NA,NA,cy,2017-04-07,NA
NA,NA,NA,NA,cy,2017-04-07,NA
NA,NA,NA,NA,cy,2017-04-07,NA
NA,NA,NA,NA,cy,2017-04-07,NA
NA,NA,NA,NA,cy,2017-04-07,NA
NA,NA,NA,NA,cy,2017-04-07,NA
NA,NA,NA,NA,cy,2017-04-07,NA
NA,NA,NA,NA,cy,2017-04-07,NA
NA,NA,NA,NA,cy,2017-04-07,NA
NA,NA,NA,NA,cy,2017-04-07,NA
NA,NA,NA,NA,cy,2017-04-07,NA
NA,NA,NA,NA,cy,2017-04-07,NA
NA,NA,NA,NA,cy,2017-04-07,NA
NA,NA,NA,NA,cy,2017-04-07,NA
NA,NA,NA,NA,cy,2017-04-07,NA
NA,NA,NA,NA,cy,2017-04-07,NA
NA,NA,NA,NA,cy,2017-04-07,NA
NA,NA,NA,NA,cy,2017-04-07,NA
NA,NA,NA,NA,cy,2017-04-07,NA
NA,NA,NA,NA,cy,2017-04-07,NA
NA,NA,NA,NA,cy,2017-04-07,NA
NA,NA,NA,NA,cy,2017-04-07,NA
NA,NA,NA,NA,cy,2017-04-07,NA
NA,NA,NA,NA,cy,2017-04-07,NA
NA,NA,NA,NA,cy,2017-04-07,NA
NA,NA,NA,NA,cy,2017-04-07,NA
NA,NA,NA,NA,cy,2017-04-07,NA
NA,NA,NA,NA,cy,2017-04-07,NA
NA,NA,NA,NA,cy,2017-04-07,NA
NA,NA,NA,NA,cy,2017-04-07,NA
NA,NA,NA,NA,cy,2017-04-07,NA
NA,NA,NA,NA,cy,2017-04-07,NA
NA,NA,NA,NA,cy,2017-04-07,NA
NA,NA,NA,NA,cy,2017-04-07,NA
NA,NA,NA,NA,cy,2017-04-07,NA
NA,NA,NA,NA,cy,2017-04-07,NA
NA,NA,NA,NA,cy,2017-04-07,NA
NA,NA,NA,NA,cy,2017-04-07,NA
NA,NA,NA,NA,cy,2017-04-07,NA
NA,NA,NA,NA,cy,2017-04-07,NA
NA,NA,NA,NA,cy,2017-04-07,NA
NA,NA,NA,NA,cy,2017-04-07,NA
NA,NA,NA,NA,cy,2017-04-07,NA
NA,NA,NA,NA,cy,2017-04-07,NA
NA,NA,NA,NA,cy,2017-04-07,NA
NA,NA,NA,NA,cy,2017-04-07,NA
NA,NA,NA,NA,cy,2017-04-07,NA
NA,NA,NA,NA,cy,2017-04-07,NA
NA,NA,NA,NA,cy,2017-04-07,NA
NA,NA,NA,NA,cy,2017-04-07,NA
NA,NA,NA,NA,cy,2017-04-07,NA
NA,NA,NA,NA,cy,2017-04-07,NA
NA,NA,NA,NA,cy,2017-04-07,NA
NA,NA,NA,NA,cy,2017-04-07,NA
NA,NA,NA,NA,cy,2017-04-07,NA
NA,NA,NA,NA,cy,2017-04-07,NA
NA,NA,NA,NA,cy,2017-04-07,NA
NA,NA,NA,NA,cy,2017-04-07,NA
NA,NA,NA,NA,cy,2017-04-07,NA
NA,NA,NA,NA,cy,2017-04-07,NA
NA,NA,NA,NA,cy,2017-04-07,NA
NA,NA,NA,NA,cy,2017-04-07,NA
NA,NA,NA,NA,cy,2017-04-07,NA
NA,NA,NA,NA,cy,2017-04-07,NA
NA,NA,NA,NA,cy,2017-04-07,NA
NA,NA,NA,NA,cy,2017-04-07,NA
NA,NA,NA,NA,cy,2017-04-07,NA
NA,NA,NA,NA,cy,2017-04-07,NA
NA,NA,NA,NA,cy,2017-04-07,NA
NA,NA,NA,NA,cy,2017-04-07,NA
NA,NA,NA,NA,cy,2017-04-07,NA
NA,NA,NA,NA,cy,2017-04-07,NA
NA,NA,NA,NA,cy,2017-04-07,NA
NA,NA,NA,NA,cy,2017-04-07,NA
NA,NA,NA,NA,cy,2017-04-07,NA
NA,NA,NA,NA,cy,2017-04-07,NA
NA,NA,NA,NA,cy,2017-04-07,NA
NA,NA,NA,NA,cy,2017-04-07,NA
NA,NA,NA,NA,cy,2017-04-07,NA
NA,NA,NA,NA,cy,2017-04-07,NA
NA,NA,NA,NA,cy,2017-04-07,NA
NA,NA,NA,NA,cy,2017-04-07,NA
NA,NA,NA,NA,cy,2017-04-07,NA
NA,NA,NA,NA,cy,2017-04-07,NA
NA,NA,NA,NA,cy,2017-04-07,NA
NA,NA,NA,NA,cy,2017-04-07,NA
NA,NA,NA,NA,cy,2017-04-07,NA
NA,NA,NA,NA,cy,2017-04-07,NA
NA,NA,NA,NA,cy,2017-04-07,NA
NA,NA,NA,NA,cy,2017-04-07,NA
NA,NA,NA,NA,cy,2017-04-07,NA
NA,NA,NA,NA,cy,2017-04-07,NA
NA,NA,NA,NA,cy,2017-04-07,NA
NA,NA,NA,NA,cy,2017-04-07,NA
NA,NA,NA,NA,cy,2017-04-07,NA
